,review,name
0,"안 그래도 짱깨 싫은데 더 싫어짐 보이스피싱,미세먼지,코로나,알몸 김치 얘네는 존재 해야 할 이유가 없음 싫어요 누르지마 짱깨들아 퉷~~",보이스
1,이렇게 자세하게 묘사될줄은 몰라서 보이스피싱 단계? 마다 긴장하면서 본듯ㅋㅋ 전개가 빠르고 액션이나 연기 등 기대보다 훨씬 잘해서 재밌게 봤당,보이스
2,보는내내 기분 더럽다보이스피싱하는새끼들 뒤봐주는새끼들싹다 사형하는  법 내면 김일성이라도 뽑아준다,보이스
3,많이들 보시고 보이스피싱 안당하셨으면 ㅈ좋겠네요!!,보이스
4,"배우들의 명연기가 압권이고, 주연조연 모두 맡은 배역이 찰떡!!개인적으로 김무열의 능글맞은 악역 연기는 최고인듯빠른 전개와 현실감있는 연출에 몰입해서 잘봤어요!",보이스
5,재미도 있지만 다들 보고 당하지 말아야함! 부모님 할아버지 할머니 다 보여줄 작정.,보이스
6,식상할줄 알았는대  꽤 재미있었다 변요한  연기도 좋았다  예전 나르샤에 이방지만큼은 아니지만 카리스마도 좋았다  보고나면 왠지 모든 악의근원은 중국이란게  짜증났다 ㅎ,보이스
7,믿고보는 김무열~~~,보이스
8,"보이스피싱 자료조사에는 성공하였으나, 시나리오 완성도를 높이는데는 실패함. 김무열의 연기가 위안거리",보이스
9,빠른전개는 좋은데 내용 연계성이 좀 부족하네요,보이스
10,재밌게 잘봤는데 최근에 본영화중에선 가장 재밌었음  김무열 연기 잘하네요 ㅎㅎ,보이스
11,주무대가 선양 콜센터이긴 하지만 아무리 전직 형사라 해도 그 본거지를 알아내 잠입하는 과정이 지나치게 축약된 게 좀 아쉽다. 절대 찾을 수 없을 것 같은 곳을 찾아가는 과정에서도 상당한 스릴러적 요소가 있을 텐데. ...,보이스
12,"이 영화는 많은 사람들이 봐야되는 영화에요. 특히 부모님세대 보셔야할것같아요. 문자로 자꾸 피싱하는데아들,딸이 액정 깨졌다면서 돈보내달라 아니면 다쳤다고 병원에서 돈입금 시켜달라 이런식으로 교묘하니 진짜 나쁜놈들입니...",보이스
13,진짜 우리나라사람들 사기 한 명도 안당했으면 좋겠습니다,보이스
14,보이스 피싱 뿌리뽑는다는 취지로만 만점을 받아야 하는영화인데 연기는 보너스 굿,보이스
15,김무열 연기 미쳤네요 그럭저럭 볼만합니다,보이스
16,부모님 보여드리고 싶은 영화 1순위로 꼽고싶다. 그리고 다시 생각하게 되네 내가 너무 안일하고 쉽게 생각하고 사는 건 아닌지,보이스
17,간만에 정말 교훈적이었던 영화. 어르신들 모셔놓고 단체관람을 했으면 좋겠지만 코로나땜시..보이스피싱 당한분들 주변에서 쉽게 볼수있습니다. .조심합시다ㅠㅠ,보이스
18,예상을 뛰어넘은 퀄리티. 변요한의 몸을 아끼지 않는 연기,보이스
19,아니 김무열 이정도라고? 김무열 다시봤어요 진짜 연기 장난아니네여,보이스
20,변요한 연기 미쳤고 취업하시는 분들 상대로 보이스피싱 할 때 너무 맴찢..,보이스
21,재밌게 잘봤습니다! 변요한 연기 너무 잘하네요!!ㅋㅋㅋ,보이스
22,진짜 시작부터 엄청 몰입해서 봤는데.. 개연성 뭐 그런거 떠나서 그냥 꿀잼이더라. 그리고 보이스피싱 완전 안다고 생각했는데 그 수법이 안당할수가 없겠다 싶어서 소오름.. 주변에 가족 친구들 다 보라고 영업중,보이스
23,조연들의 탄탄한 연기와 빠른 전개로 몰입감이 좋았습니다. 보이스피싱 예방용으로 전국민이 봐야하는 영화,보이스
24,보이스피싱 사라져라~ 변요한 최고!,보이스
25,뭔가 한국판 테이큰스러운 전개지만 보이스피싱이 얼마나 악랄하게 진행되는지 세밀하고 열받게 구현해냈다. 영화 장면을 편집해서 보이스피싱 예방 영상으로 만들어도 손색이 없을 완성도.,보이스
26,현대 사회를 살아가는 사람이라면 반드시 보면 좋은 영화임 개멋있음 적극 추천,보이스
27,1. 내가 10일 정도 만화영웅이 된다면 보피하는 놈 한사람도 남김없이 찢어죽이고 싶은 생각이었다 2. 연기 너무 좋았고 스케일이 커서 좋았다,보이스
28,보이스피싱 과정이 전개가 빨라서 몰입해서 보게됨ㅋㅋㅋㅋ,보이스
29,아주 좋은(?)교육영상 보이스피싱은 사회악,보이스
30,잘만들엇네요 기대안하고봣는데전국민이 봐야되는 보이스피싱수법 정보영화입니다,보이스
31,변요한 김무열 배우 연기 미쳤습니다 추석 극장에서 가족들과 꼭 보세요,보이스
32,보이스피싱 피해 예방 영화,보이스
33,조금은 억지스럽지만 빠른 진행에 재미있게 볼 수 있습니다.,보이스
34,보이스가 천만 관객되면 우리 나라 보이스피싱 없어지겠다!,보이스
35,오랜만에 몰입도 대박이엇슴ㅜ,보이스
36,말로만 듣던 보이스피싱에 대해 구체적으로 눈으로 보고 귀로 듣게 되어 즐겁고 유익한 영화였습니다. 부모님에게 꼭 추천하고 싶은 영화네요.,보이스
37,연기랑 연출 짱이였고 보이스피싱에 대해서 몰랐던 사실을 알게 되서 가족들에게도 보여줬어요. 그리고 몰입도도 짱! 보면서 안타까운 마음과 걱정에 계속 한숨이 나왔습니다.,보이스
38,보이스피싱의 형이상학적 초상..받으면 무조건 끊어야 산다 안끊으면 OO,보이스
39,재밌게 봤습니다,보이스
40,연기쩔어요 나쁜놈들 다 사라져라!!,보이스
41,너무 재밌었어요ㅇㅣ런시국에 꼭 모두가 봐야 할 영화,보이스
42,개인적으로 코로나 이후론 제일 재미있게 봤고 느낀것도 많고 역대급으로 봐도 열손가락안에 드는 영화입니다 강력추천합니다 평점알바아닙니다,보이스
43,"좋은 배우분들, 좋은 연기력은 좋으나 초반부 리얼한 느낌에 비해 후반부는 조금 아쉽네요",보이스
44,재밌어요 시간가늘줄 모르고 봤어요,보이스
45,재밌었습니다. 강추드립니다.,보이스
46,"권선징악 한 남자의 영웅담같아서 스토리는 여러모로 아쉽지만 보이스 피싱에 대한 경각심을 가질 수 있는 영화, 흡사 공익영화 수준으로 스토리의 완성도를 떠나서 모두가 봐야할 영화! 특히 모든 배우가 연기구멍이 없고 연...",보이스
47,"뻔할 줄 알았는데 스토리가 엄청 탄탄하고 텐션이 그때그때 아주 적절해서 재밌게 봤어요. 배우들 연기도 너무 좋고,, 무엇보다 ㅠ-ㅠ 꼭 알아야되는 이야기라 부모님들이 꼭 보셔야할 것 같아요.",보이스
48,너무 리얼해서 섬뜩하다 섬뜩 ㄷㄷ,보이스
49,킬링타임용으로 나쁘지 않습니다,보이스
50,내부자들 베테랑 범죄도시를 잇는 한국영화 빅잼 + 현실 반영 !! 2시간 순삭 꿀잼 !! 몰입감 장난아니고 변요한오빠 대박 너무 수고많았겠어요 흥행보증수표 배우로 가자 !! 김무열씨 당장이라도 어허이가 없네~~?  ...,보이스
51,배우들의 연기가 일단 너무 좋았고 한국영화특성인 신파나 로맨스가 거의 없어서 괜찮았다. 혹여 지루하거나 뻔한이야기일수 있는 소재로 재밌고 뻔하지않게 연출했으나 풀어가는 과정은 살짝 고개를 갸우뚱하게 했음,보이스
52,열받았다가 긴장감 쩔었다가 이와중에 배우들 연기 소오름에 ㅋ 진짜 버라이어티하게 재밌었음ㅋㅋ,보이스
53,혀....형.... 71번 여깄다!!!,보이스
54,진짜 보이스피싱..놈들..진짜 열받아..,보이스
55,주연들의 연기가 장난아니다. 보이스피싱...참... 사라지면좋겠다.,보이스
56,보이스피싱 예방 영화로는 좋겠어요.,보이스
57,"넘 쉽게 쉽게 접근하는면이 없지않아 있지만, 그래도 긴장감있게 잘 봤습니다",보이스
58,재밌고 약발 센 보이스피싱 예방접종,보이스
59,"적당한 긴장감, 적당한 액션, 마지막 공익광고까지",보이스
60,재밌게 봣습니다. 돈 관련된 전화오면 무조건 조심합시다!!,보이스
61,공기 반 먼지 반 멘트는 맘에드네,보이스
62,재밌긴 하다 근데 지능범죄면 지능적으로 해결하면 좋을텐데 다 액션으로…,보이스
63,보이스피싱에 관해 잘 설명해준 영화라고 생각합니다.,보이스
64,영화라서  다시 돈을 찾을수 있었지 실제로는 범인 잡아도 돈 못돌려받음ㅠㅠ,보이스
65,있을 법한 이야기를 너무 잘 그렸습니다.몰입도가 좋습니다!,보이스
66,진짜 부모님이랑 꼭 다시보고싶어요..,보이스
67,조금 어색하고 이해안가는 장면도 있었으나 꽤나 좋은 작품입니다.,보이스
68,"배우님들 연기가 너무 좋았네요, 영화 보면서 다시 한 번 느끼지만 사람이 제일 무서운 것 같아요.",보이스
69,군더더기가 없는게 장점이자 단점,보이스
70,"중국에 위치한 본거지 콜센터 잠입에 성공한 서준, 개인정보확보, 기획실 대본입고, 인출책 섭외, 환전소 작업, 대규모 콜센터까지! 체계적으로 조직화된 보이스피싱의 스케일에 놀라고, 그곳에서 피해자들의 희망과 공포를 ...",보이스
71,빠른 전개가 긴장감을 높여준다. 전화로는 돈 얘기 하는거 아니다.,보이스
72,잘보고 갑니다 변요한배우님 응원합니다.,보이스
73,"배우들의 연기가 최고였고,영화도 지루하지 않아서 재밋게 보았습니다!",보이스
74,킬링타임용으로 재미있게봤습니다!!스토리도 탄탄했고 영화내내 지루하지 않았어요 볼만해요ㅎㅎ,보이스
75,보이스피싱의 모든 것. 점조직부터 중국에 자리한 몸통 조직까지의 리얼한 실체. 보이스피싱 예방 캠페인이 주제 인지 경찰도 애쓰고 있다는 경찰 옹호인건지.,보이스
76,"스토리보다는 범죄에대한 경각심을 일깨워줌, 보는 내내 기분이 더러울정도로 김무열 배우님이 연기를 잘했고 본 다음에는 가족이 생각남. 어떤 OO이 보이스 피싱 당하나 했는데 이 영화보면 나라도 속겠다 싶음. 그래서 가...",보이스
77,정말 섬뜩한 영화이며 인간의 밑을 보았다.,보이스
78,이번 추석에 제일 잘한 일 = 가족들이랑 보이스 본거,보이스
79,시간 가는 줄 모르고 봤음.,보이스
80,변요한 넘 오랜만..ㅋㅋ 잘봣씁니다,보이스
81,보이스피싱하는 놈들 다 지옥가라,보이스
82,김무열님 연기 너무 잘 하심ㅜㅜㅜ스토리도 단단,보이스
83,기대없이 예매했다가 박진감넘치게 봤습니다~~,보이스
84,경각심을주는 꼭 필요한 주제라고 생각합니다,보이스
85,너무너무 재밌어요 ㅠㅠ 연기도 좋고 긴장감도 높아요 평점 높은 이유가 있는듯,보이스
86,많은 사람들이 봐야한다고 생각해서 강제로 남편과 딸을 보게 했네요. 뒤의 액션이 좀 쓸데없이 많아 거북했지만 그러나 내용이 너무 훌륭했어요. 이거 정말 많은 사람들이 보고 피해 당하지 않기를 간절히 희망합니다.,보이스
87,자세한 묘사 그리고 배우들의 연기 모두 좋았습니다,보이스
88,평점 약간 부풀려진듯 보입니다. 스토리는 빠르게 진행되나 공감되지 않으며 어설픕니다. 그러나 한 번 보신다면 말리지는 않을 영화입니다.,보이스
89,지금 일어나고 있는 일.. 당신이 1분내에 당할수 있는일.. 이것만으로 도 10점 이다.,보이스
90,정말 보이스피싱 피해가 많은데요. 점점더 수준이 높아지는 보이스피싱 범죄. 이 영화를 보고 많은 도움이 되고 보이스피싱 피해를 안보면 좋겠네요. 나름 현장감있게 리얼하게 잘 그려낸것 갔다. 보면서 많이 열도 받았네요...,보이스
91,김무열의 악역 연기가 좋았어요,보이스
92,선과 악 그 위험한 경계에서 맞서 이 둘의 극렬하고 치열한 대비를 살린 무엇보다 악마의 디테일을 살린 대역작,보이스
93,공 들여 만든 보이스피싱 범죄 예방 캠페인,보이스
94,보이스피싱을 조심합시다!,보이스
95,하고자 하는 이야기를 아주 집요하게 담아냈어요. 특히 변요한 배우의 눈빛 연기가 아주 애절함ㅋ,보이스
96,스토리가 조금 아쉬웠지만 보이스피싱이 이렇게나 무섭다는 걸 잘 보여준 영화였습니다. 부모님 모시고 꼭 보세요,보이스
97,잘 구현하셨네요~~~~,보이스
98,김무열의 빌런(?) 연기가 좀 오버스러운 감이 있지만 모두 상쇄할 정도로 정밀하게 잘 만든 수작임. 개인적으론 변요한을 다시보게 만든 작품,보이스
99,시원시원합니다 가장 통쾌하고 화려했던 액션영화 추석때 가족들하고 한번 보기 딱 좋습니다킬링타임,보이스
100,그냥 괜찬케 볼만한 영화.,보이스
101,스토리는 살짝 아쉽지만 배우분들 연기가 넘 멋져요,보이스
102,보이스 피싱에 대한 묘사는 좋은지 모르겠으나 영화적인 긴장감은 많이 떨어짐. 스토리도 별로 세밀하지 않음.,보이스
103,기대 안하고 봤는데 재밌음 배우 연기 연출 메시지 다 좋았다,보이스
104,보이스피싱의 경각심을 일깨워 주는 영화,보이스
105,영화 초반~중반 까지는 그럭저럭 볼만하다.후반으로 갈수록 글쎄...?,보이스
106,"새로운 소재라 흥미롭고, 그대로 재연한듯 실감난다. 빠른 전개에 연기도 좋고 재밌게 봤다. 악랄한 보이스피싱;;",보이스
107,보이스피싱 예방 홍보 영화.,보이스
108,보이스피싱 넘 자세하게 나와서 빡침... 배우들 연기 넘 잘하네여,보이스
109,미생에서 변요한씨 개인적으로 연기잘해서 봤는데 액션신도 멋있게 소화하셨네요 ~~ 변무열씨도 연기가 ㅎㅎㅎ 압권입니다! 보이스 피싱 ㅜㅜ 나쁜넘들,보이스
110,스토리 박진감 미술 연출  수준급 입니다. 웰메이드. 심지어 인트로 까지 웰메이드이번달 국내 보이스피싱 총책들 단체관람 할듯~!흥미롭게 잘만등 영화네요한국의 미션임파서블. 수사반장 어게인,보이스
111,"배우들 연기 좋고, 특히 김무열의 연기가 돋보임.",보이스
112,잘 봤습니다.,보이스
113,보이스피싱 당하지 않게가족 지인들 모두 꼭 봐야하는 영화!,보이스
114,이 영화의 장점이자 단점은극적인 요소가 없었다는거,보이스
115,"김무열에서 ""와"" 하고 박명훈에서 ""이수근?! 응?!"" 돈 앞에 무너진 1억 빛진 놈이 ""71번 여기있다!!"" ""돈""이란 단어가 참 무섭다.",보이스
116,핵꿀잼 배우들 연기가 대박입니다,보이스
117,김무열의 연기 전화기로 때리고 싶을 정도의 얄미움이 이 영화를 관통하지 않나,보이스
118,재밌다가 말았음…. 처음엔 긴장감 있는데 뒤로 갈수록 지루함 그나마 김무열 연기 볼만함,보이스
119,재밌어요,보이스
120,모두 한번쯤 보고 보이스피싱에 안걸리길 바라는 영화,보이스
121,본격 가족 권장 영화. 보이스피싱에 대한 경각심을 줄수 있는 좋은 오락영화. 김무열 좋다.,보이스
122,알바가 판치는 네이버 영화... 점수를 믿지마라;,보이스
123,이시국에 이정도 영화면 스트레스풀림,보이스
124,올해 본 영화 중에 최고입니다 변요한 형님 진짜 멋있으십니다 크~~~ 아침에 일어나자마자 보고싶어서 킥보드 타고 바로 달려갔는데 역시 기대한 만큼 연기 훌륭했습니다.  앞으로 더 멋진 경찰 영화 캐스팅 많이 들어오길...,보이스
125,현실반영100% 보이스피싱무서움 다시봄,보이스
126,연기는 좋았으나 개연성이 너무 없음,보이스
127,나날히 진화하는 보이스피싱범죄ㅜㅜ 한번더 조심하고 또조심하자 되짚어볼수있는. 숨멎숨멎,보이스
128,몰입도 스토리  최고~ 한국돈슈킹하는 짱깨들 다 잡아벌고싶음,보이스
129,기대를 안하고 봐서 그런지 너무 재밌었음 .. 변요한 너무 잘생겼다 ㅎㅎㅎ,보이스
130,"배우 김무열님. 곽프로가 영화의 몰입도를 상당부분 차지하네요 연출,스토리 다 좋아요.",보이스
131,그어떤 공포영화보다 무섭다. 영화보다 드라마같이 좀 더 많은 사람들이 볼수있으면 좋을것같은작품.,보이스
132,생각보다 꿀잼이고 개사이다네ㅋㅋ,보이스
133,변요한이 발로 뛰는 공익광고,보이스
134,보이스피싱에 대한 경각심을 일깨워줘서 정말 교과서같은 영화ㅠ 재미도 있어용,보이스
135,생각보다 긴장감있게 재미있고 배우들의 연기가 좋았습니다,보이스
136,"변요한이랑 김무열 연기가 너무 좋았어요! 그리고 보이스피싱에 대해 다시 경각심을 가질 수 있었던 것 같아요.. 보이스피싱을 어떤 식으로 진행하는지, 어떤 식으로 접근하는지에 대해서 알 수 있었기때문에 영화 자체의 완...",보이스
137,스토리가 억지스러워요.,보이스
138,?에라이 ㅋㅋ 이래서 개봉 당일 평점은 믿으면 안돼 ㅋㅋ 7점 정도 되는 영화라 생각함. 평점 너무 높아서 1점 줌,보이스
139,딴건 모르겠고 변요한 너무 고생했을 것만은 분명. 영화도 나쁘지않았다,보이스
140,마지막 엔딩에 보이스피싱에 관한 주의점 나올때인상깊네요.. 아직까지 보이스피싱에 대해서 모르는 사람들 많습니다.수상한 전화는 그냥 끊으세요.,보이스
141,"요즘 보이스피싱 나오는 뉴스보고 ""오, 저거 소재괜찮다?"" 하고 공장에서 찍어내듯이 찍어낸 전형적인 클리셰덩어리들이 나오는 한국영화.",보이스
142,딱히 볼영화가 없어서 봤는데평점 왜이리 높은건지 사실 모르겠음뻔한 스토리.. 처음 5분보면 영화 내용 예상가능. 여러분이생각하신 그대로갑니다.영화에서 흥미로웠던 부분은 보이스피싱의 수법을 깊게 알게되는것정도?그리고 ...,보이스
143,변요한의 눈빛이 영화를 하드캐리,보이스
144,김무열 팬심으로 봤는데 김무열이 아닌 진짜 보이스피싱범 인줄 알았다... 김무열 최고!!,보이스
145,김무열은 어쩜 이름에도 열자가 들어가 있어ㅎㅎ 곽프로 역을 어찌나 징글맞게 소화해냈는지.. 정말 비열하고 야비한 모습에 소름이 돋을 지경. 소재가 소재이니만큼 중장년 관람객 비율이 높았다.,보이스
146,스피디한 액션. 볼만합니다~,보이스
147,하아.. 열받네 정말 보이스 피싱은 왜 하는거야 대체,보이스
148,생각보다 재미있었어요. 배우들 연기에 몰입해서 봄~!,보이스
149,변요한 나와서 봤는데 soso,보이스
150,생각외로 잼있고 김무열님 연기도 리얼하네요.,보이스
151,누구나 주변에 일어날 무시무시한 이야기,보이스
152,보이스피싱   조심해야겠단 생각이 절로 들어요~,보이스
153,현실반영이 너무 잘 되어있어서몰입감있게 보다가도 씁쓸함이 밀려왔어요보이스피싱 피해자분들이 더 안생기길ㅠㅠ변요한님 김무열님 연기 너무 탄탄하고처음부터 끝까지 집중해서 잘 봤어요!!,보이스
154,너무 재밌게봤어요!!,보이스
155,변요한이 변요한했다…면접붙었다고 보이스피싱할때 너무 마음아팠어요..실제로 저렇게 하면 당할수밖에 없을 것 같아요..스릴러 좋아하는 분들 추천합니당,보이스
156,관객이 호구로 보이니?,보이스
157,스토리가 너무 얇음 지루 다만 연기는 잘함 그래서 따행히 다보고는 나오,보이스
158,다른 건 모르겠고 나는 당한다 진짜 무섭다,보이스
159,"보이스피싱에 대해 경각심을 일깨워줌. 실제 사용하는 수법들을 자세하게 보여줌. 변요한 김무열의 연기, 액션도 상당히 재밌음!",보이스
160,이 영화의 주제가 보이스피싱인만큼 구강액션과 거기에서 나오는 긴장감을 보여줘야 하는데 몸이 부딪히는 액션을 보여준다. 그걸 왜 보여주는지 난 아직도 이해가 가질 않는다.,보이스
161,올해 최고의 영화중 하나입니다,보이스
162,"예측 가능한 결말, 매력없는 스토리.",보이스
163,보이스피싱범들  중형에 ㅊㅓ하길~,보이스
164,"기대없이 휴차라서 영화를 봤는데, 아 이건 완전히 대박영화다! 정말 디테일하고 헐리우드 영화처럼 긴박하다! 전혀 전혀 예상치 못했다!",보이스
165,재밌다 보이스피싱 조심하자 ㅠㅠ,보이스
166,와.. 김무열 연기 미친놈,보이스
167,한마디로그냥좋다…..,보이스
168,베테랑 느낌나고 재밌었음 킬링타임으론 제격,보이스
169,재미있었습니다.,보이스
170,잘 봤습니다,보이스
171,뭔가 영화같지 않고 드라마 같음 클리셰 파티.. 약간 악역은 미치광이 컨셉에 너무 올인… 변요한 연기 땜에 봄,보이스
172,착짱죽짱,보이스
173,진짜 손이 떨릴 정도로 화나 났음....배우분들 연기 너무 좋았고 내용도 참신했어요,보이스
174,영화말고 교육자료라고 생각합니다! 몰입도최고!아주 이입해서 잘봤어요! 요즘같이 힘들때 더 정신차리고 이겨냅시다!,보이스
175,"변요한 배우, 김무열 배우 두분을 포함해서 모든 분들 연기 너무 잘하셔서인지 정말 재밌게 봤습니다!!두 번 보았는데 결말 알고 보아도 너무 재밌었어요!!!!",보이스
176,보이스피싱에 대한 경각심만 일깨워준 것만으로도 좋은 영화,보이스
177,피싱사기피해 방지차원에서도 관람추천!꿀잼,보이스
178,아이부터 어른까지 정말 모두가 꼭 봐야 할 영화.보이스 피싱을 당해보지 않은 사람들은 경각심을 가지고 더욱 조심하게 될 것이고 보이스 피싱을 당해본 사람(me too)은 마지막 장면을 통해 위로를 조금이나마 가질 수...,보이스
179,보이스피싱에 경각심을 심어주는 영화.,보이스
180,잘만든영화꼭보시기바랍니다,보이스
181,연기력이 상한가를 치는듯합니다. 다소 뻔한 스토리일수 있겠지만 현재 우리사회의 이슈를 여실히 보여주는 소재라서 더욱 공감이 가는부분도 있었고 한편으론 피해보신분들에대한 안타까움도 있었습니다. 영화라서 다행이네요. 긴...,보이스
182,연기력도 좋고 재밌게 봤습니다,보이스
183,또 보고 싶은 변요한표 영화!,보이스
184,누구나 당할 수 있다는 공포감. 한편의 공포영화를 본 느낌,보이스
185,두 배우의 연기가 대박 무엇보다 실제 보이스피싱관련 내용을 상당히 잘 다뤄서 기대이상으로 흥미롭게 봤네요,보이스
186,스토리는 허술하지만 배우분들 연기는 좋았어요.,보이스
187,연출은 봐줄만한데 졸린 부분이 많앗음,보이스
188,볼만한가?? 음.... 일단 졸림!!! 선택은..,보이스
189,전 평점알바도 아니고 영화자주보는 사람입니다평점9.5점대를 보고 개봉날 밤에 봤는데 평점 5점정도 됩니다알바가 많은듯,보이스
190,재미있어요 시간가는줄 모르고 봤네요,보이스
191,김무열 배우 연기 미쳤다~~!!  멋지게 나오고 박명훈배우도 짧지만 존재감 짱짱이네요 !!~)),보이스
192,생각보다 재밌고 통쾌함,보이스
193,신파 없고 굿 재밌어요 킬링타임 굿,보이스
194,기대 이상으로 재미있게 관람한 영화입니다! 모든 배우분들 연기가 정말 압권이었습니다. 보이스피싱에 대한 경각심을 제대로 느끼게 해주었어요.,보이스
195,잘 만들었다. 피떡된 변요한 왜 잘생겼지?,보이스
196,,보이스
197,긴장감도 있고 재밌게 봤습니다. 보이스피싱의 무서움을 잘 표현한듯 합니다.,보이스
198,초반 건설현장 장면에 좀 보다가 그 후로 잠와서 잠,보이스
199,아직도 많은 사람들이 보이스피싱 많이 당하는걸 보고 분노 가 치밀었다. 보이스피싱 은 없어져야된다.,보이스
200,대한민국 국민 권장 영화.남녀노소 휴대폰 만지는 사람 모두가 관람해야 한다.,보이스
201,중간에 조금 지루해요! 변요한 액션연기가 진짜 기억에 많이남아요 정말 고생했을듯요 김무열은 하 진짜 연기를 너무잘해서 보는 내내 쌍욕참느라 너무 힘들었어요 김희원도 악역이 아닌게 너무 좋았고 연출도 좋았어요 피싱피해...,보이스
202,음.. 끝이 씁쓸한 영화. 두 주인공의 연기는 괜찮았네요.,보이스
203,보이스피싱 피해 예방교육,보이스
204,사실 기대 안하고 봤는데 완전 몰입해서 재밌게 봤어요ㅎㅎㅎ,보이스
205,"보이스피싱이라는, 지금까지 시도하지 않은 소재로 만든 영화라 재밌게 보았습니다.",보이스
206,이건 내가 본 영화중 진짜 역대급 영화였다!! 따로 말이 필요없다. 별점 10개 국룰!!!,보이스
207,그냥 예상과 비슷한 영화였가 무난,보이스
208,보이스피싱은 강력범죄다.다시 한번 느끼게 해준 영화.,보이스
209,우리 일상에 악랄한 보이스피싱이 어떤지 알아야 할 영화인듯 합니다,보이스
210,현실이라고 생각하고 보면 정말 짜증이 머리까지 올라옵니다....,보이스
211,"시나리오 0점. 연기 9점. 시나리오 진심 발로씀. 경찰, 공안도 못찾는 중국 콜센터를 일반인이 1일만에 찾음ㅋㅋ 지 구해줬다고 바로 스카웃 풉 게다가 하루 수백억이 오가고 무시무시한 애들이 보안 서는데 cctv 하...",보이스
212,소재는 참신했으나 전체적으로 뭔거 엉성하고 뻔한 전개가 실망스러움캐스팅의 실패가 아닌가싶다연기력 부족한 조연들땜에 몰입감이 떨어짐,보이스
213,감각적인 척...센스있는 척...척척척...,보이스
214,다들 보이스피싱 주의합시다.부모님 보여드리고싶네요 ㅠㅠㅠㅠ흐얽,보이스
215,생각보다 가볍고 전개가빨라 좋음,보이스
216,기대하면 실망이 클수있습니다...,보이스
217,연관도 없고 이도 저도 아니고 제목으로 보이스피싱당했음 비추,보이스
218,얘기가 너무 억지스럽게 술술 풀려가고 딱히 시원한 카타르시스가 안 느껴짐;;,보이스
219,김희원 론나 답답 ㅋㅋ 경찰이 일층에서 가만히 서서 뭐하냐? 옥상도 살펴보고 층층히 조사해야지 ㅋㅋ 참나 ㅋㅋ,보이스
220,스릴러 있고 재미있게 잘 봤어요,보이스
221,내용도 보이스피싱이라는 내용이 신박하고 재밌었다 영화 분위기가 뭔가 엑시트 같았다 매우 재밌게 봤다 이영화 크게 흥행했으면 좋겠다,보이스
222,오련만에 영화관갔는데 너무나도 탁월했어요.캐스팅도 아주 찰떡이고. 배우들도 연기너무 잘하고 중간중간 재미도 있고 시간가는줄 모르고 봤어요!!  꼭보세요!!,보이스
223,스토리굿!!지루할틈없이끈남!!!  보이스피싱OOO들,보이스
224,재미있어요. 가족과 함께 봐도 좋아요.,보이스
225,한순간도 지루하지않고 재밌게 봤어요~김무열님 변요한님 너무 멋졌어요^^,보이스
226,부담없이 재밌게 봤습니다,보이스
227,배우님들 연기 모두 최고!!,보이스
228,부모님과 같이 봤는데 시간 가는 줄 모르고 봤네요. 보이스피싱이 예전 개콘 황해에서 우스꽝스럽게 표현된 어설픈 수준이 아니라 조직적으로 이루어지고 있다는데 놀랐어요.,보이스
229,재밌어요,보이스
230,"딱 김무열, 변요한 연기만 볼만함 억지+유치+엥스러운 OOO cj감성 스토리에 헛웃음 나옴,, 특히 영화 내내 소리지르는 여자는 빽으로 들어온건가 싶을정도로 기분나쁘고 거슬리는 연기였음 그럼에도 높게 쳐주는 이유는 ...",보이스
231,재밌게 봤습니다,보이스
232,"별 기대 안하고 보는것이 평점을 높여줍니다 연기 정말 잘 들 하셔요. 카리스마, 양아치사기꾼비열한 연기. 정말 놀랐어요. 우리 형사팀장님 워쩔라고 형사로 나오셨는데도ㅠㅠ뭘 해도 찰떡이예요. 배우들 연기에 빠져서 저도...",보이스
233,"얼마전 있었던 인천 아라뱃길 30대 여성 사건이 생각나내요.. 대출받은 몇천만원을 보이스피싱으로 사기 당하시고 극단적인 선택을 하셨다고 하는데, 한강 물 속에서 마지막으로 남자친구분께 통화해서 했던 말 기사로 보며 ...",보이스
234,이와중에 원진아 이뻐요,보이스
235,"변요한 너무 멋있다 , 그리고 영화보는 중에도 부재중 보이스피싱 두번 왔었더라..",보이스
236,상식 차원에서도 봐둬야한다고 생각합니다. 영화도 영화지만 정말 소름끼치네요. 변요한씨 비롯해서 연기자들의 연기도 좋고 내용도 재밌었습니다.,보이스
237,와 치밀해야 사기로 돈버는구나,보이스
238,부모님께 꼭 보여드려야 했던 영화!,보이스
239,경각심을 불러일으킬 소재와 주연배우의 뛰어난 연기 하지만 저와는 조금 맞지 않았습니다,보이스
240,김무열의 연기만으로 빨려들어간다,보이스
241,김무열 배우님 연기 잘 봤습니다.,보이스
242,"정의감 하나로 악을 쫓는, 평범한 영웅의 맹활약!",보이스
243,김무열 연기 진짜 잘하네요 보면서 시간 완전 빨리가서 영화끝날때 당황했네요 뭔가 내용이 좀 더 전개되기를 바랬는데 2시간이나 지났었다니,보이스
244,변요환 연기가 좋음.보이스피싱 나쁜놈들,보이스
245,,보이스
246,,보이스
247,생각보다 몰입감 있고 재밌네요 웰메이드 작품임,보이스
248,인트로(타이틀) 편집과 연출이 너무 좋았고 몰입도가 좋았다 스토리와 액션도 좋았고 연출도 좋았다. 다만 엔딩이 예상이 갔던 내용이라 아쉬웠다. 처음으로 감상평을 쓰는 영화 마지막으로 변요한 잘생겼다^.^,보이스
249,"은근 반전도 있으면서 긴장감도 있는 교육 영화. 남주가 광대한 중국 청도 한복판에서 위치를 어떻게 알았는지,  생판 남들이 거액 잃은거에 대해서는 주인공이 그들에게 도움을 줄순있지만 그만둔 형사일을 재개해서 한국 기...",보이스
250,긴장감속에 보이스피싱 범죄에 디테일한 범죄현장을 아주 잘보았습니당,보이스
251,초반에 오옷..!  했다가 뒤로 갈수록 옹..? 으로 바뀌더라는 ㅎㅎ,보이스
252,중국몽의 진면목.친중정책의 이면에 숨은 꼴 보소.,보이스
253,보이스피싱 개버러지들 왜못잡냐,보이스
254,김무열 찌질연기는 이정재보다 한수위,보이스
255,보이스피싱은 공감이란 말이야~~공갈!! 공갈!!,보이스
256,걍 킬링타임용   개인적으로는 오징어게임이나 디피등 높아진 국민눈높이에 부합하지않음,보이스
257,변요한은 원래부터 연기가 얼굴에 가려지는 옛날부터 알아봤고 김무열은 하... 악인전 때도 그랬고 가오는 엄청 잡으려 하는데 맛이 하나도 안 살아... 처음에는 성장성 기대를 했었는데 이 이상 잘 늘지를 않네... 영...,보이스
258,보이스피싱 현실을 보여주는게 정말 소름돋아요ㅠㅠ남일같지않아요....,보이스
259,"정확히 한달 전 보이스피싱 피해를 당하고 나서 재미보다는 아픈 기억을 되새기며 보게된 영화. 산청군 신안면에 소재한 ""작은영화관"" 그제 영화 기적을 볼때는 10여명의 관객이 있었건만 어제는 달랑 혼자!...",보이스
260,꼭 보셔야 합니다 대한민국 국민이라면,보이스
261,솔직히 이런 예방영화는 난 무조건 10점 이다.,보이스
262,ㅋㅋㅋ나만 죽을순 없지 평점임?클레맨타임도 보세요 ㄹㅇ 인생명작임 보이스와 쌍벽을 이룹니다.,보이스
263,보는 내내 긴장 분노배우분들 연기최고,보이스
264,정말 정말 정말 보이스피싱의 심각성을 잘 알려주는 영화인 것 같습니다. 이 영화로 사람들이 보이스 피싱에 대해 경각심을 더 가지고 피해 사례가 더 줄어들길 바래요!! 정말 정말 댓글 알바 아니고 완전 진짜후기입니다....,보이스
265,경각심을 심어주는 영화! 우리와이프는 건강보험공단 사칭 스미스피싱당했었습니다 조심들하세요,보이스
266,진짜 영화로 만들어줘서 너무 감동입니다!보는내내  시간 안본거 처음입니다이 영화보구 아무도 안당했으면 좋겠습니다!변요한  김무열 최고네요 !,보이스
267,보이스피싱에 대한 경각심을 갖게 하는 영화. 많은 사람들에게 추천합니다!!,보이스
268,멋진영화입니다 오랜만에,보이스
269,보이스피싱의 심각성을 알수있는 영화였어요!연기를잘해서 시간가는줄 몰랐어요!!,보이스
270,"현실 공포, 통쾌 액션, 유쾌 통쾌 유머 대사, 찰진 연기.. 변요한은 당연히 말할 것도 없고 김무열이 이렇게 연기를 잘했었는지 몰랐었네요! 넘 재밌고 휼륭한 영화!! 대본집 소장하고 싶네요",보이스
271,이 시국에 필요한 영화...많은 사람들이 이 영화봤으면 하네요.. 보이스피싱에 대해 깊게 다뤄주셔서 감사해요. 감독님께 감사합니다. 변요한배우가 영화를 잘 이끌어갔고...와..너무나도 조직적인보이스피싱에 ..할말을 ...,보이스
272,많은사람들이 이영화를 봤으면 좋겠단 생각을 했습니다~ 쨩!!,보이스
273,,보이스
274,너무너무 재밌습니다  굿굿,보이스
275,변요한 너무 멋있음!!!!김무열 연기 너무 얄밉게 잘하네요!!!마이크잡고 깝치는모습 진짜 너무 얄밉ㅋㅋㅋㅋ담배빠는 아줌마ㅋㅋㅋ 담배너무많이 핀거 아닌가요?ㅋㅋㅋ다들 연기력 대박!!!!보는내내 몸 부들부들 떨리고 화나...,보이스
276,공익영화로라도 이영화는 전국민이 보고 보이스피싱을 당하지 않도록 조심 또 조심 하였으면 좋겠습니다. 개인적으로 변요한님 이전부터 참 멋진 배우라고 생각했는데 이번에도 너무 잘하시네요 간만에 영화 잘보았습니다.,보이스
277,스펙타클한 공익광고 보는듯,보이스
278,변요한 연기 잘한다.김무열은 뭔가 억지스러움.김무열보다는  김성오였슴 어땠을까싶음.보이스피싱 조심 또 조심 .재밌슴~,보이스
279,변요한 김무열 두분다 연기 너무잘하고 우리가 알던 보이스피싱이아니라 좀더 세부적인 내용이 들어가있고 보이스피싱예방에도 도움될거 같은 영화였습니다. 시간 가는줄 모르고 봤습니다.식상한내용인듯 하면서도 스토리가 탄탄했습...,보이스
280,당하기 싫다면 모두 봐야하는 영화!보이스피싱 실체른 느낄수 있게해준 영화입니다^^강추! 가족과 함께 보세요 꼭!,보이스
281,국가가 이 영화를 좋아합니다.,보이스
282,김무열 연기미쳣다   보이스피싱을 잘표현한듯 근데 현실에선 경찰능력이 안습이지 영화속 형사의 10프로도 못따라가지  제발경각심을 높엿으면 좋겟다  근데 웃기는건 윗대가리 총책은 한국인이란사실  믿는도끼에 발등찍히는법...,보이스
283,,보이스
284,"연출,연기 너무 좋았습니다...중간에 건설회사 30억 잃어먹고 장례식장와서 우는 아저씨의 딸 수술비 얘기하는 연기부터...공감되서 저도 눈물이 나더라고요.... 부모님 세대분들이 꼭 보시고 경각심을 키웠음 좋겠습니다...",보이스
285,보이스피싱과 스미싱이 얼마나 무서운지 전국민이 꼭 봐야 할 영화,보이스
286,실제 피해자들은 영화보다 더많을것이고사례도 더다양하겟죠ㅜ중국에세 일하는 한국사람설정 사실인지ㅠ돈이면  머든 다하는 현실이 먹먹하네요..,보이스
287,시작부터 긴장하게 만드는영상미와 배경음악이 보는내내 압도적이었습니다.,보이스
288,변요한 김무열 연기가 끌고 가는데도 지루한면이 있어요 교훈은 확실해요 전화로 돈입금 대출 등등 다 사기라는거,보이스
289,"보이스피싱 실태를 굉장히 열심히 취재하고 영상으로 구현하는데 영화의 에너지를 다 쓴 느낌.  안좋은 얘기만 해서 미안하지만,  이야기와 캐릭터는 개발새발 만들다 만 모래성같은 느낌인데 이 상태에서 연기들을 열심히 잘...",보이스
290,재밌음 자나깨나 돈조심,보이스
291,요즘 현실과 아주 가까운 소재라 더욱 더 몰입해서 볼 수 있었다. 배우들의 언기도 아주 좋다.,보이스
292,보이스피싱 예방을 위해서라도 또 봐야 할 영화,보이스
293,기대 안하고 있었는데 생각보다 재밌었음,보이스
294,변요한 슈퍼맨인줄.... 긴장감있게 잘봤습니다 ㅎㅎ,보이스
295,배우분들 연기도 좋았고 볼만했어요.,보이스
296,잼나게 봤어요  ㅎㅎ  보이스피싱조심해야겠네요,보이스
297,의외로? 꿀잼인 영화!! 보이스피싱을 자세히 그려내면서김무열의 미친듯한 연기력이 돋보입니다!!,보이스
298,재미있어요스토리가 조금 오바인 부분도 없진 않지만지루하지않게 잘봤네요.,보이스
299,보이스피싱은 폐해와 위험성을 잘 그려낸듯...,보이스
300,보이스피싱 경각심을 한번더 일깨워주네요. 영화는 잼있게 봤어요~,보이스
301,너무 평이하고 요즘 영화같지않게 지루하네용평점 알바에 당했네요 6점대 영화,보이스
302,신파극 + 유치 + 뻔한 스토리보이스피싱 예방 광고,보이스
303,기대이상임리얼로 몰입감도좋고 흐름빠르고,보이스
304,"보이스피싱의 실태와 경각심을 불러일으켜 준 영화. (feat. 박진감 넘치고, 사랑의 힘을 다시 느낄 수 있었다)",보이스
305,번요한배우 평상시에도 좋게 생각하고 연기 잘한다고 생각했는데오늘 보이스보고 다시한번 반하게 됐네여 ~~^^   같은남자가 보기에도 너무 멋지네여 ㅎ더 좋은배우로 다른작품에도 만날수있기를 바랍니다,보이스
306,시작 10분만에 뒷 스토리가 그려짐…허허변요한 배우 엄청 고생하셨을거같음 ㅜㅜ열연굿부모님 보이스피싱 조심하시라고 보여드리면 좋을 영화 …ㅋ,보이스
307,배우들 연기는 좋았음. 근데 영화 초반부만 흥미진진하고 후반부는 그냥 막나감. 짱구 극장판을 보는 줄 알았음. 짱구는 결말이 시원하기라도 하지 이건 결말이 뭐 싸다만 느낌..,보이스
308,이 영화로 보이스피싱이 세상에서 사라지길 간절히 기원합니다.,보이스
309,재미 포인트가 뭐지 지루하다,보이스
310,정말 쟈밌습니다아엉!!!!,보이스
311,"보이스피싱에 대한 경각심을 느낄수있게 해준영화였고,  배우들의 연기나 연출이 좋았습니다.",보이스
312,킬탐용으로 괜찮고 어르신들 델꼬 같이 보는것도 괜찮음,보이스
313,배아파서 ㅈㄴ달려갔는데 촤악~촤악이 아니라 퐁퐁퐁...한 느낌,보이스
314,하고싶은걸 개연성없이 때려박은 맛이없는섞어찌개,보이스
315,배우님들 연기는 좋았으나 영화 완성도가 좀 미흡한 것 같아 아쉬웠음...,보이스
316,억지스런 스토리에 폭망,보이스
317,전직형사 변요한이 와이프가 그래됐다고 지혼자 중국까지 가서 김무열 해치우는게 솔직히 말이 안됩니다   중국 세트장 구성은 현실감있게 잘하셨어요   우리나라 형사님들은 변요한보고 반성해야 할것 같네요,보이스
318,재미없다 시간 아까웠음,보이스
319,"내 소중한 시간과 돈, 눈, 멘탈,을 보이스피싱 당했다.",보이스
320,보이스피싱이 어떻게 이루어지는지 나오는 다큐인줄 알았네요.와... 예고편보고 기대했는데 실망예고편만보세요 꽁짜잖아요...,보이스
321,아쉽네ㅜㅜ 감독의 역량도 부족하고ㅡ너무 정직하게 갔네~ 소재만 가지고도 국민의 공감대를 잘 살 릴수 있는 영화인데ㅡㅡ좀더 컨셉을 지저분하고 더럽고 럭셔리하게  갔으면 했네ㅡㅡㅡㅡ연출도 정직 연기도 정직ㅡ이럴꺼면 차라...,보이스
322,그냥 괜찮은 영화이긴 하지만 완전히 잘 만든 영화는 아님. 한 2.5 짜리 영화? 액션이 있어서 볼만은 함.,보이스
323,재미없었음..그런데 보이스피싱범죄에 대한 내용은 좀 더 자세히 알 수 있어서 좋았던 것 같고 이 영화로 인해서 보이스피싱범죄가 좀 더 감소할 수 있었으면 좋겠다,보이스
324,"히어로적인 느낌과 현실을 잘 보여준 거 같아용71번 개지리고 흥식이,,이 자식 ㅠㅠㅠ",보이스
325,우와 꽤 재밌어요! 완젼 배우들 연기가..진짜 보이스피싱 세계에 온것같은 느낌 ㅋㅋㅋㅋ 미슷터션샨 에서도 최애엿던 변요한 진지한 배역도 잘 소화하네요?,보이스
326,쉬어가는장면하나없이 박진감넘치고 시간순삭 개연성이 좀?싶지만 영화가 이런거지현실판타지로 느껴지네요,보이스
327,"변요한님 오랜만이네요 .. ㅜㅜ 초반, 후반 전개가 엄청 빠르긴햇는데 재밋게 잘봣습니다!! 근데 영화보단 드라마?로 나왓으면 더 재밋엇을듯해요.. ! 소재가 신선해서 좋앗어요~~",보이스
328,재밌게봄 간만에킬링타임이였음,보이스
329,정말 재밌있어요~! 연기도 대박..보이스피싱은 피해자의 잘못이 아니라는것..,보이스
330,9점은 됩니다! 기대없이 봤는데...꽤 괸찮아요~~,보이스
331,"'보이스피싱'이라는 사건을 영화 안에서만 해결하고 끝내지않고, 실제 현실에서도 계속 되고있음을 암시하는 결말이어서 좋았어요!",보이스
332,재밌었어요! 돈은 뭘까요?,보이스
333,초반에 휘몰아치는 스토리와 액션이 매우좋았음,보이스
334,주인공이 거의 슈퍼맨급 이라서 좀 말이 안되는 부분이 있지만 볼만하다~ 특히 부모님들 꼭 보여줘야할 영화임,보이스
335,영화보다가 내손...주먹.... 김무열 연기....잘해서 감정이입,보이스
336,"영화를 보면서 조심해야겠단 생각 더 했구,그래도 엔딩은 잘 해결되서 다행이었어요 ㅜ(영화에서라두)변요한 배우님과 김무열 배우님의 연기 정말 잘 봤고,특별출연하신 원진아배우님(변요한 배우님의 아내)분의 연기까지 정말 ...",보이스
337,보이스피싱에 대한 경각심을 느끼기 좋은 영화인 것같습니다. 결말이 아쉽습니다.,보이스
338,굿 gooood 낫베드 약간 공익영화 ㅋ,보이스
339,지금 시대에 딱 시기적절한 영화. 배우들의 수준높은 연기를 볼 수 있어 좋았따.,보이스
340,굿굿 하고 싶은 마음이 있습니다.,보이스
341,뻔한 내용 뻔한 전개에 묻힌 배우의 연기결말은 공익광고,보이스
342,,보이스
343,만원내고 공익광고 본 느낌이었어요,보이스
344,영화제목 : 슈퍼 변요한 끝,보이스
345,무게감있는 영화라기 보다는 단순 오락영화로 즐길만합니다 하지만 몇몇 장면의 쌍팔년도식 연출과 여성범죄자 분의 연기력은 몰입에 방해가 됩니다 6점 드립니다,보이스
346,TVN 보이스4 보세요~,보이스
347,기대안하고봤는데 다들연기도넘잘하고 재밌게봄 많이들보고 보이스피싱 조심했으면 좋겠네요,보이스
348,믿고 거르는 개봉첫날 k영화 평점,보이스
349,"수많은 명품 조연들의 출연에도 불구하고 감출수 없는 조잡, 번잡, 혼잡함",보이스
350,어휴 이게뭐냐.... 얼마만에 본 영환데 킹받네 ㅡㅡ 드라마 보이스급으로 잘만들었나 싶어서 봤는데 보이스생각하고 볼꺼면 절대보지마쇼,보이스
351,"배우들 연기 좋고, 생각보다 너무 재밌게 잘 봤습니다 :) 경각심도 함께 주는 거 같아서.. 많은 생각이 들었어요.",보이스
352,정말 재미있게 봤습니다 ㅎㅎ,보이스
353,진짜 역대급 쓰레기 영화였다... 중간에 나가려다가 참았다.. 내 시간.. 내 돈.. ㅠㅠㅠㅠ,보이스
354,"중국 심양 도로에선 번체자를 찾아보기 힘듭니다. 본토는 전부 간체자를 사용하지요. 배경을 동남아로 잡았으면 정말 재미있게 봤을 거 같은데, 중국에서 한국 경찰이 활보하는 모습을 보고 무슨 판타지 영화 보는 거 같은 ...",보이스
355,다이하드+미션인파서블이네..박명훈은  안톤시거 코스프레 하던데 실소가 나오네,보이스
356,김무열배우님 제이상형♡나오는 모든 영화 드라마 다챙겨보는팬입니다.인스타안하셔서 와이프님 인스타팔로우해서늘 응원하고있어요♡♡♡항상 최고예요♡♡♡,보이스
357,경각심을 일으키는 영화입니다. 추천합니다,보이스
358,우리의 주적 중국 북한 하 진심 사람들의 절박함 이용해먹냐..,보이스
359,스토리는 뻔한듯 하지만 배우들 연기 좋고 긴장감 있게 재밌게 봤습니다.,보이스
360,"싸움씬 같은 액션은 좀 답답하긴 한데 연기나 내용이 좋음. 모든 사람이 꼭 한번쯤 봤으면 싶고, 보이스피싱 처벌 수위를 높이자",보이스
361,요근래 개봉한 영화중에 제일 볼만했어요,보이스
362,"잼있네요 시기가 좋았다면...관객이 더있었을텐데.,",보이스
363,범죄방법을 몰라서 현실고증을 잘했는지는 모르겠지만잘 만들었어요,보이스
364,시간 가는줄 모르고 봤어요.재미는 있었는데...중간 중간 연계가 많이 아쉬웠네요.그래도 이 영화를 계기로 보이스피싱에 대한 경각심이 국민들에게 전해졌으면 합니다.,보이스
365,저도 당할뻔이 있어서 그런지 집중하게되는 영화였습니다 많이들 보시고 모르는 돈거래하자는 전화는 이상하다 생각하고 피해가 없었으면 하는 바람입니다,보이스
366,갈수록 진화하는 피싱쟁이들 뿌리를 뽑아야 되는데 조심합시다,보이스
367,난 알바도 아니고 뭣도 아닌데볼까말까한다면 일단 내말좀들어봐가벼운 범죄영화라 생각하고 봤다가...또다른 피해를 막기위해서난 부모님부터 보시라고 했다.난 뭐 영화평론가가 아니라 퀄리티는 모르겠고 다 떠나서  지금도 일...,보이스
368,변요한이 전부 다한 영화. 스토리가 대부분 예상대로 흘러가긴 하나 몰입도가 높음,보이스
369,통장에 돈이 있는 모든 서민이 보면 도움되는 영화네요,보이스
370,개연성 떨어지고 허접한데 적당히 볼만한정도.송중기 이재훈 변요한등 연기 잘하는 후발주자들이 요즘 영 맥을 못추는게 아쉽다.송중기는 아예 원빈처럼 얼굴마담으로 나가는거 같고...,보이스
371,보이스피싱은 똑똑해도 겁이 많은 사람은 걸려듭니다. 사전훈련 하여 예방합시다. 공익적인 효과가 꽤 있는 작품이라 높은 점수 주고 싶습니다.,보이스
372,중반까진 새롭고 묵직하나 이후로는 가볍다 조심할께,보이스
373,기대 하나도안하고 봤는데 유튜브 사건의뢰에 변요한 나와서 알게됐는데 정말 재밌어요 ㅋㅋㅋㅋ액션씬도 정말 시원했고 김무열 변요한 등 거기나온 사람들 연기도 진짜 잘하고,보이스
374,중반까지는 보이스피싱에 당한 듯 재밌었으나 후반엔 전화선 뽑은 듯한 평범한 엔딩,보이스
375,몰입도 좋아요.디테일하네요.,보이스
376,남자인데 변요한 웨케 멋있냐...,보이스
377,,보이스
378,현실적인 내용이 많이 담겼고 영화 시작전 매해 보이스피싱 피해가 증가 해 간다고 알려주는거 좋았어요. 실제로 주변에 많은 일이라 모든 피해가 사라졌음 좋겠어요  피해자의 감정을 잘 담은 영화,보이스
379,기대 안했는데 생각보다 너무 너무 잼있는 영화!!,보이스
380,소재나 전체적인 틀은 괜찮은데 좀 엉성한 스토리 전개가 보임. 그래도 연기도 괜찮고 볼만한 영화임,보이스
381,가대없이봣는대 재밋네요 굳,보이스
382,견찰들 일처리 잘하면 10점 줘도 될 영화인데 미화라기에는 애매한 전직 경찰로 하니까 묘한 기분.. 최근 있던 일인데 사기꾼 한테 사기당한사람이 필리핀가서 ㅈㄴ 유명한애 잡아다 견찰들한테 줘도 다음날 필리핀으로 돌아...,보이스
383,현재 일어나는 사건들...가슴아픈 사정들...한번쯤 볼만하고 생각하게 할만한 영화였어요,보이스
384,아무 기대도 안하고 봣는데 진짜 재밋네요 그리고 피해자들은 아무 잘못이 없다 자책하지마라 라는 말이 기억에 남네요,보이스
385,조선족 짱꼴라 바퀴벌레들은 살처분이 답,보이스
386,소재만큼 화나는 영화. 강간범.보이스피싱 이런 놈들은 다 사형.,보이스
387,시간 가는 줄 모르고 보게 됨. 김무열 연기 굿,보이스
388,"보이스피싱 안 당하려면 그냥 아무도 믿지 말고 누가 돈 보내라면 의심부터 하고, 모르는 번호는 받지 말고 어차피 안 받아도 진짜 급한 일이면 어떻게든 알게 된다.. 문자에 링크 있는건 뭐든 무조건 클릭하지 말고, 대...",보이스
389,"두마리 토끼모두 잡은영화, 속도감과 현실성",보이스
390,배우들 연기 정말 잘했어요 몰입감있게 봤습니다,보이스
391,그냥 존나잼있구만ㅋㅋ,보이스
392,보이스피싱에 대한 경각심을 준거만으로도 100점임. 조선족 = 보이스피싱 공식인가? 중국이랑 엮여서 좋은 일이 없다.,보이스
393,연출 수준이 낮아 감동은 덜하나  보이스피싱 교육용 자료로는 최고인듯,보이스
394,보이스피싱 100%예방법! 을 알려주는 영화!돈보내라는 전화나 사이트는 무조건 패스!,보이스
395,변요한 김무열이 다했다 졸잼,보이스
396,떠오르는연기파배우들의 출동이다.탄탄한 스토리랑배우들의 성실한연기에마음이끌린다.,보이스
397,긴장감있고 보는 내내 실제라 생각하니 너무 소름돋고 간만에 재밌는 영화 본 것 같아요^^,보이스
398,짱재밌음!!! 주인공 존나 멋지다... 진짜 재밋어요 추천추천,보이스
399,변요한 너무 멋지고 김무열 악랄한 연기 역시 ㄷㄷㄷ 이주영 배우? 매력 터지네 ㅋㅋㅋ 보이스피싱에 대한 경각심을 주는 메시지도 너무 좋았습니다한가지 보기 불편할 정도로 비현실 적인 장면이 있었다면 여자경찰은 현장에서...,보이스
0,아주 다들 사랑꾼들이여,이터널스
1,ㄹㅇ내가여태본 마블영화중 가장 재미없었다,이터널스
2,히로시마 감성팔이 극혐,이터널스
3,마블 페이즈4의 발판인가 지뢰인가 그것은 나중에 알게 되겠지.,이터널스
4,서사가 너무 많은게 흠이었지만 서사가 아예 없었던 베놈보단 백만배 낫다,이터널스
5,기존 마블 세계관과 스토리에 대해 많이 알고있는 마블 덕후가 봤을땐 정말 재밌었음.,이터널스
6,"마블 세계관의 미래에 필수적인 영화이며, 새로운 컨셉을 제시한 것- 한국 팬들은 여러가지로 만족할 것아이언맨이나 어벤져스, 토르 컨셉에 익숙한 마블팬들은 좀 다르게 느껴질 수도 있으나, 장기적 빅픽쳐를 이미 그려놓고...",이터널스
7,이 영화 성공했으면 좋겠다.,이터널스
8,솔직히 나는 그들이 돌아오지 않았으면 좋겠다. 영원히..,이터널스
9,"한마디로 재미없음. 머글들을 타겟층으로 했다기엔 액션이 매우 별로고, 그렇다고 마블 덕후들을 타겟층으로 했다기에는 캐릭터들의 관계성이 전혀 안 드러남. 그래서 전에는 어벤져스 어셈블하면 살짝 오글거리긴 해도 히어로물...",이터널스
10,시사회로 보고 왔는데 진짜 최고였습니다 사람들 반응도 너무 좋았고 역시 마블은 마블이더라구요,이터널스
11,시사회로 봤습니다 영화자체가 기존 마블영화랑 다르게 천천히 진행되다보니 루즈하다고 느낄수 있지만 많은 케릭터다보니 한명한명을 매력적으로 구축하기위한 영화다보니 그런거같네요 그래서 명감독을 뽑은거 같기도 하고요 풍경도...,이터널스
12,토마토가 썩은 이유가 다 있구나 감상 포인트 없는데 뭘 자꾸 추천하래,이터널스
13,도대체 평점이 왜 낮은 건지 이해할 수 없을정도로 탄탄한 스토리와 연출ㅠㅜ 마블덕인 나에게는 정말 최고의 영화이자 오랜만에 가장 볼 만 했던 영화 중 하나 긴 러닝타임이 지루하지 않을 정도로 볼 거리가 많은 영화 마...,이터널스
14,"베놈2, 샹치보다도  심각하게 재미없음 빨리끝나기를 기도하게 만드는 급 이터널스가 돌아온다는데 안돌아왔으면 좋겠음.",이터널스
15,세계관 확장 흥미진진~ 코믹북에서 보던 인물들을 MCU에서 보니 엄청 반가움!,이터널스
16,"마블의 시대는 갔다.... 이 네이버 평점 사기단은 뭐야ㅡㅡ 각본 쓴 사람 반성해야... 제작비가 적게 든게 아닌걸로 보이는데,,, 돈 낭비다",이터널스
17,좀 서사 깊은 파워레인저 같았어요..,이터널스
18,개연성 개떨어짐 그냥 감정이면 다 됨,이터널스
19,앤드게임을 만든 마블 맞나? 그 전율 어디감..?,이터널스
20,아 개연성 진짜 1도 없어요 불멸?ㅎ... 지금까지 봤던 마블영화중 최악..,이터널스
21,롤러코스터인 척 하는 회전목마,이터널스
22,내 생애 최악의 영화 두시간 반 앉아있기 너무 힘들었다 괴로웠다 진심,이터널스
23,"사람을 정말 편하게 해준다,,,요즘 잠이 좀 부족했는데",이터널스
24,아 ㅜ 심지어 보다가 졸았다는..너무 기대했나봄 ㅠ,이터널스
25,다양한 인종과 인간의 다양성을 담고.. 다양한 고정관념과 멍청한 역사의식도 같이 담아버린 파워레인져..,이터널스
26,아….나의 마블이 사라졌다,이터널스
27,온갖 내용을 다 담겠다는 과욕을 연출이 못받쳐주는데다 마블 특유의 화려함도 없고 유머도 숙연함.. 쓸데없는 장면 다 쳐내고 한시간 반으로 만들었어야지 이런 내용으로 두시간 반은 고문임,이터널스
28,야이씨 드릅게 재미읍다아아!!!! 진심 보다보다 도저히 못참겠어서 그냥 나가자고 했음. 끝끝내 참고버린 내 3시간...ㅋ,이터널스
29,스폰지밥 와장창 특공대가 더 재밌는듯,이터널스
30,명절 가족싸움 보는 느낌... 너무 재미없음 ㅠㅠ  지루하고 ... 억지스러움,이터널스
31,마블역사상 최악의 결과물. 거품감독.,이터널스
32,아씨 기대 좀 햇는데 그냥 넷플릭스 보는게 낫다아 동석이형ㅠㅠ,이터널스
33,너무 재미없음 지루함..,이터널스
34,"1. 앞으로 나올 후속작들의 밑밥 까는 첫 편인거 감안하고도, 내용 전개 매우 지루하고 액션도 그다지 큰 의미가 없음  //  2. 개인적으로 정말 마블 팬이라(어벤져스 마지막편 3번 봄) 마동석 배우님 정말 좋아하...",이터널스
35,"동료찾기가 영화 절반, 거기서 또 절반으로 동료간의 갈등, 마지막 절반으로 남은 적 소탕과 이야기 마무리 할려고 하니 재미가 있을 수가 있나",이터널스
36,제가본 마블중 제일 재미 없어요. . .드라마같은 액션영화 ? 스토리구성도 너무 늘어집니다. . .기대하고봤는데 실망후속편 나와도 안볼듯요,이터널스
37,내가 웬만한 졸작도 재밌게 보는데 마블한테 실망했다(ㅡ_ㅡ),이터널스
38,"최악. 세줄로 요약 가능. 왕좌의게임 스타크가문의 재회. 졸리는 영원하다. 그리고, 걸어서 세계속으로.      관람 후 머리 속에 남은 장면들: 남들은 눈에서 레이저 쏘고 손에서 칼 나오고 난리났는데 마동석은 마...",이터널스
39,마블 세계관이 너무 갔다,이터널스
40,진짜 어이가 없고 웃음이 나옴ㅋㅋ,이터널스
41,많은 등장인물들의 심리를 다뤄서 지루함. 과거 회상씬과 현재 교차편집이 왔다갔다 정신 없음. 담엔 히어로영화 감독으로 클로이 자오 완전 비추!! 참 히로시마 원폭 보며 우는 장면 빡침. 전범국 옹호는 하지말자 마블,이터널스
42,"메소포타미아 문명부터 씨족 사회, 그리스 여신, 장애인, 아이, 다양한 인종, 동성애, 멸망에서 창조되는 부활, 마지막 예수의 재림까지 초월적이고 관통되는  세계관을 짜고 싶은듯 보였으나 욕심만 많은 역량이 부족한 ...",이터널스
43,내 취향 영화는 아니였음...,이터널스
44,노잼이다. 너무 실망이다,이터널스
45,훔… 마블도 이제… 안녕인가…,이터널스
46,아 진짜 뭐 이런 영화가!?,이터널스
47,많은 캐릭터를 어찌할줄 몰라 중구난방에 따라갈 감정선이랄 것도 없구나.,이터널스
48,마블에서 이런 영화라니 ... 스토리 구성도 왜이렇게 했을까 안타까움,이터널스
49,호크아이 단독 영화 나오면 그게 더 재밌을 듯,이터널스
50,그냥 재미가없습니다 개연성도 하나도 없구요,이터널스
51,방대한스토리를 풀어내기에 급급~ 감독의 중요성이 너무보였던...마블역대 최악의 쓰레기영화가 될듯... 원작의 케릭터구성을 살리기는 커녕 창작을 해놓으셨는데 왕실망! 마블리때매저도 봤지만... 외국힘케들이많았는데도불구...,이터널스
52,하...정말 시간아깝내,이터널스
53,"요약: ?창조주가 A와 B를 만들었고, A는 실패작이기 때문에 이를 저지할 B를 만들었고, B는 지구를 수호한다!! 하지만 B는 C와 지구 중에 하나를 선택해야해. C는 우리의 임무야!! 우리는 7천년동안 C를 위해...",이터널스
54,클로이 자오가 이렇게 못찍을줄은 몰랐다,이터널스
55,히로시마에서 최악. 창문열고 2만원 던지는게 더 재밌음!  평점으로 위에 큰나라 내용나오면 글 삭제되네용!ㅇㅅㅇ,이터널스
56,꼭 보세요 저만보기 아쉽네요,이터널스
57,역대급 마블 노잼영화 개연성X cg는 볼만함 누가누군지모르겠음,이터널스
58,그냥 노잼이 아니라 핵!!노잼 긍정적인 나도 끝까지 보려 노력했다.. 나갈까 생각을 엄청 했다.예고편이 다인 액션신. 그 이상은 없다.BTS 나온 거 말고 재미없었다,이터널스
59,우주의 혁명가.... 타노스★ 그는.. 옳았다.... 다 죽을 뻔하거 반으로 살맀네..,이터널스
60,아이스 아메리카노를 기대했지만 뜨거운 캐모마일 차가 나온 경우,이터널스
61,영화보다 쿠키가 더 재밌었음,이터널스
62,마블 같지 않은 마블영화호불호 많이 갈릴듯,이터널스
63,겉은  꿀잼 락 콘서트 같은데 막상 열어보니 잔잔한 클래식 음악. 주입 시키고 싶은 메세지를  2시간 반 동안 연설 하는데  선생님이 학생들 졸고 있으면  교탁  두드려서 깨우듯이 반짝이는 이펙트로 졸린 관객을 깨워...,이터널스
64,상영 시간이라도 짧았으면 시간이라도 덜 버렸을텐데,이터널스
65,노잼 노매력 주인공들. 억지개그코드. 디씨나 마블이나 삐까삐까임 . 히로시마 원자폭탄을 그딴씩으로 표현한거 제정신임? 대량학살을 일삼던 일본에게 일말의 동정심도 들지 않는다. 마블 불매운동 해야겠다.,이터널스
66,클로이 자오만의 느린 호흡법으로 '인간'의 내면에 대한 고민과 가치를 담고 싶었던 것 같음. 그러나 너무 많은 이야기를 담으려다보니 시간이 길어지고 불필요한 장면도 존재함. 확실한건 이전의 마블 영화들...,이터널스
67,영원닦이로 임명합니다,이터널스
68,나의 마블이 사라졌다 진심으로 슬프다,이터널스
69,3번 자다 깨도 안끝나서 eternals ?!!,이터널스
70,pc극혐임 진짜 왜 이러는거임,이터널스
71,마블영화 중 이렇게 재미없는 영화 처음..꾸역꾸역보다 시간보니 두시간 더 남았길래 돈 아까운 마음보다 내 시간아깝다는 생각들어 나왔어요.완전 실망,이터널스
72,기대안하고 봤는데 볼만함 ㅇㅇ,이터널스
73,마동석이 주인공인데 ...진짜보는내내 졸림유치함뭔내용인지 복잡해 너무지금까지 마블다봣는데샹치보다 더지루한거같음ㅜㅜ,이터널스
74,서사 + 서사 + 서사 = 지루,이터널스
75,올해 마블의 유일한 희망은  스파이더맨3 노웨이홈,이터널스
76,"지루한건 그렇다치고 1945 히로시마 원폭이 갑자기 왜나와? 미국이 제작하고, 감독은 중국사람인데 전범국 일본을 옹호하냐? 일본이 피해자야? 일본은 군국주의 망령으로 아시아 여러나라에 전쟁을 일으킨 가해자인 전범국인...",이터널스
77,별로 복잡하지 않은 관계인데 뭔가 매우 산만함,이터널스
78,"감독이 자기가 할 수 없는 여러가지를 시작했으나 하나도 수습 못함, 망작",이터널스
79,봤던 마블 영화들중 가장 별로임,이터널스
80,마블은 아이언맨 세계관까지였나...,이터널스
81,마블영화중 워스트 top1 마블스토리 보고싶으면보세요 근데 기대하고보면 실망합니다..다큐라고생각하세요,이터널스
82,이제 마블도 DC처럼 솔로 무비 시리즈로 가야할듯. 페이스4 망한듯,이터널스
83,스케일도 더 커지고 캐릭터들의 다양성도 확정시킨!! 기대이상으로 잼나게 봤어요^^!,이터널스
84,블랙위도우보다 훨씬 별로임..,이터널스
85,와씨...내가 마블영화에 악평을 달줄은 꿈에도 몰랐다..클로이 자오를 마블과 DC계에서 발도 못들이게 하라!!!영구 추방해야함...,이터널스
86,사장님.. 여기 삼겹살집 아닌가요? 삼겹살 시켰는데 왜 다른것만 주세요... 네? 몸에좋은거니까 그냥 쳐먹으라고요? 전 기름지고 몸에 안좋은 삼겹살을 원해요.... 아 삼겹살 주신다고요? ... 아.. 맛이 없네.,이터널스
87,소수자들이 왜이리 많냐?? 키스까지.  정도껏해라.  공감 안되고  넘 지루.  중간중간에 풋. 핏.  비추.,이터널스
88,마블 충성심에 보긴 봤으나 참 재미없는 영화이긴 했으,이터널스
89,할 말이 없다...너무 지루함...,이터널스
90,드라마로 만들어야 할 것을 영화로 때려넣으면 생기는 일,이터널스
91,마블영화에서 잔잔한 노매드랜드 찍고있는 이상한 감독....,이터널스
92,마블꺼라서 겨우봤음 ㅡㅡㅋ 표현할말을 못찾을정도로 심각하나 마블꺼라서 참고 5점,이터널스
93,마블영화라는게 믿겨지지가 않을 정도로 실망....,이터널스
94,억지pc 보기 싫었고 말하고자 하는 의미 전달도 약하고 마블영화 처음으로 보는내내 졸리더라,이터널스
95,서사가 이어지지가 않아서 인물들의 감정과 행동에 공감이 안감. 서사가 특별히 신선하거나 독특한 매력이 있는 것도 아님.. 걍 어디서 한 번쯤 본 듯한 내용들. 많은 서사와 설정을 받쳐주지 못하는 허접한 디테일들은 지...,이터널스
96,유치하고 지루하고 재미가없다. 마블 최악의 영화,이터널스
97,노골적인 자신의 이념 집어넣기에 영화에 대한 감동은 사라지고 눈살만 찌푸려진다.,이터널스
98,히어로 영화면 히어로의 모습을 많이 보여줘야 몰입이 되는데.. 그냥 신파극만 찍다가 가끔 히어로 얘기 하다가 나중에 조금 싸우고 하니 그냥 퀄리티 좋은 연극하는느낌.... 나름 태초의 히어로인데 잡몹에 죽고 말야.....,이터널스
99,멀티버스도 하기 바쁜데  우주 기원 설명하려다보니 많이 꼬인것같음 앞으로가 걱정된다.. 그리고 뭔 클로이 자오니뭐니 감독 땜에 망함,이터널스
100,cg는 좋으나 그것 뿐이다. 온갖 PC 잡탕에 난잡한 스토리 전개 마치 역사 다큐멘터리 같기도한데 이도저도 아닌 이상한 영화 액션신은 그나마 볼만하다.,이터널스
101,재미 드럽게 없어요 시간아까워요,이터널스
102,우당탕쿵탕 뚝딱이들 사랑이야기,이터널스
103,새로운 세계관?? ㅎㅎ마블 영화중 최악임,이터널스
104,굳이 구찌 이걸 영화관에서????,이터널스
105,영상미 뿐…. 그냥 넷플릭스나 봐야겠다.,이터널스
106,미드 로스트처럼 인물들 현재과거를 소개하는데 영화용으론 적합치않은 구성임 짧은 2~3시간동안 관객들 몰입도 최고치로 끌어올려야하는데 최저치로 만들어버림 솔직히 나가도싶었다,이터널스
107,마블..영화중에..제일 지루했음...,이터널스
108,볼만함 마동석 개멋있네,이터널스
109,마블영화 안빼놓고 다봤는데 마블영화보다가 조는건 처음이었습니다. Pc가 덕지덕지 뭍어있어서 보는내내 불편했네요. 재미 감동 뭐하나 찾아보기 힘들었음,이터널스
110,스토리 정말 별로네 그냥없네 스토리,이터널스
111,블랙위도우 샹치 베놈 그리고 이터널스로 망작의 정점을 찍어주는듯... 예고편이 정말 쥐어짜서 볼만한 장면 발굴해낸거구나 싶더라... 영원한 프랜차이즈는 없다는걸 보여주는듯,이터널스
112,조조로 현재 30분 봤음.배아파서 화장실 왔음.현재까지 보면서 느낀점..찐 재미있음.. 빨리싸고 들어가서 봐야함..,이터널스
113,정말 설날이나 추석 때 특선 영화로 틀어줘도볼까말까 합니다....,이터널스
114,초딩들도 많이 왔던데 굳이 그 베드씬이 필요할까... 마블영화 같지 않은 마블영화...ㅜㅜ,이터널스
115,맛없는 음식을 배터지게 먹는 것도 고역이구나,이터널스
116,다음 마블 시리즈를 위한 빌드업 과정인진 모르겠지만...이터널스 자체로만 보면 히어로물이 아닌 서사만 가득한 드라마 영화였다. 너무 뻔한 인간은 파괴적이고 야만적이지만 반면에 서로를 돕고 사랑을 나누기에 존재가치가 ...,이터널스
117,영화보다 간만에 졸았음,이터널스
118,가족이랑 보면 흠칫할 영화,이터널스
119,별점 1점도 너무 많은데,이터널스
120,스타쉽투루퍼스에 슈퍼맨 나온느낌,이터널스
121,일단 영화보다가 안자는데 초반에 참다참다 잠듬 ㅋ마블팬인데 어벤져스랑 비교하니 캐릭터도 뭔가 특색이 없고 스토리도 정신없이 대사만 많이해서 스토리 이해도 안가네요 마블팬으로써 실망입니다 전작들이 그립네요 ㅜ,이터널스
122,캐릭터들 모두 매력적ㅠㅠㅠ 마동석 나오니까 뭔가 뿌듯뿌듯..ㅠㅠ♥,이터널스
123,파이기가 새로운 시도고 뭐고 평소대로 갔으면 좋겠네 제발 예술감독 데려다가 히어로 영화 시키지 말자,이터널스
124,가족영화? 멜로영화?ㅋㅋㅋ,이터널스
125,여자친구 한테 처음으로 보여준 마블 영화인데.. 더 재밌는거 보여주고 싶은 맘.. 아쉽고 미안하고..,이터널스
126,CG가 좋았고 필요없는 장면이라고 생각되는 부분들이 조금 있었음. 영화관보다는 더 기다리다가 티비로 나오는거 보는게 어쩌면 더 나을 수도 있다고 생각이 듦.,이터널스
127,졸다가 한시간반쯤 지났을 때 나옴; 나만 지루하고 재미없었나..마블이 점점 멀어지고 있다,이터널스
128,영화가 산만하니 나도 산만해 지더라,이터널스
129,사랑과 관계에 관한 영화. 일반적인 마블 영화 생각하고 가면 재미없다고 욕하고 나올 듯. 이전 마블의 어떤 영화와는 180도 다르다. 멤버들이 뭉쳐서 악당의 뚝배기 깨는 그런 영화 아닙니다. 그거 생각하고 가지 마세...,이터널스
130,마블에 왜 다큐멘터리를 만들었는지.. 이해가 되질 않습니다. 역시 작품상 탄 감독 작품은 대부분 걸러야 함을 다시한번 깨닫게 되었습니다.,이터널스
131,지루하고 뻔한 영화. 인간이 아닌 존재도 감정에 휘둘린 선택을 하나?,이터널스
132,진심 영상미만 이쁘고 다 엉망 쿨쿨노잼쓰,이터널스
133,셀레스티얼 지구까지 찾아와 주시고 감사합니다.,이터널스
134,지구가 뭐라고 이렇게까지 하는지 이해가 잘 안가는 스토리에 백터맨 블루와 그린의 사랑 이야기를 살짝 곁들인..CG만으로 6점 채움,이터널스
135,캐릭터들이 매력이 하나도 없어요... 마블영화라고 안하고 봤으면 평점 더 낮았을거 같네요....,이터널스
136,내인생 최악마블영화,이터널스
137,디즈니가 클로이 자오를 감독으로 택한건 마블 아트를 하고 싶었던 것이었을까?,이터널스
138,"인류 vs 외계인 구도여서 궁극의 타노스를 이길때 짜릿했던거지, 이건 뭐 슈퍼맨 판이니 그렌라간 정도 슈퍼빌런으로 나와줘야 할 판이다.",이터널스
139,꼭 이렇게 만들어야 했나...,이터널스
140,이 정도로 혹평받을 건 아니라고 봄,이터널스
141,"이터널스에 대해 지식이 없는 사람들을 위한 서사가 나쁘지는 않았지만 자연스럽지않은 다양한 인종, 동성애등 그런 표현들이 너무 억지스러웠다고나 할까? 너무 어색했어요.. 게다가 개인적으로는 영웅이나 빌런들이 어벤져스 ...",이터널스
142,마블 영화 연계성 때문에 관람했지만 재미는 없는 편,이터널스
143,아카데미 작품상 감독이라고 다 잘할순 없지... 적재적소라는 말이 떠오른다,이터널스
144,내용이 부실함내용 자체가 재미가 없음마동석 때문에 보러 갔는데그냥 성난황소 보는거 같았음아직 외국영화 나오는건 아닌듯이터널스 자체가 호불호 심하다는데나는 불이요,이터널스
145,연출력과 스토리가 완전 꽝이다. 히어로물은 배우가 매력적이어야 하는데 매력적인 배우는 안보이고 밉상(특히 인도배우 등)만 눈에 띈다. 그리고 클로이 감독 너! 마블리를 뭘로 보고 이 따위로 대우하는거야!,이터널스
146,"너무 기대가 컸는지, 기존마블 생각하면안되요..말이너무많은영화",이터널스
147,종교적 철학을 다뤘다는 점에서 기존의 마블 영화에 없던 깊이를 주었지만....스토리가 말아먹..,이터널스
148,액션이 너무 뻔합니다 눈에서 레이저 쏘는게 원툴 빨리달리는거 원툴 힘쓰는거 원툴 무기 만드는거 원툴 액션 마블영화중 역대급으로 별로였음,이터널스
149,그냥 독립적인 영화였으면 그냥 재밌게 봤을 거 같은데마블이라는 타이틀이 주는 기대감 때문에 아쉬움이 생김,이터널스
150,딱 한 번만 보기에 족한 영화,이터널스
151,너무너무 재미없다. 시간을 버렸다,이터널스
152,쓸데없는 장면들이 많다. 애정씬 좀 빼고 스토리 전개에 힘줬으면 더 좋았을 것 같다.,이터널스
153,스토리가  영 떨어지네요  배우들 연기도  그닭ㅜ,이터널스
154,지루함의 끝판왕... 영화보다 잠든거 오랜만인듯... 영상미 때문에 1점은 더 얹어줌...,이터널스
155,이터널스의 탄생 기원... 시작은 창대하였으나...,이터널스
156,"영상미적인 부분은 괜찮았다.하지만 이 영화에서 돋보이는 것은 히어로들의 개성과 매력, 액션이 아니다. 확실한 것은 기존의 마블 히어로 영화 스타일과는 결이 다르다는 것. 기존의 마블영화들을 기대하고 보게된다면 분명 ...",이터널스
157,영화 평가하라니까 마동석 나왔다고 5점을 주고있네 ㅋㅋ,이터널스
158,차이는 인정하나 그게 정답인지는 잘,이터널스
159,"올해 개봉한 마블영화 중 크게 기대를 하지 않았고, 크게 감명받지도 못한 영화. 조금씩 PC를 섞는 움직임이 보이며 캐릭터가 많아서 그런지 집중이 그리 잘 되진 않습니다.",이터널스
160,평이 좋지 않다는 이야기를 처음부터 많이 듣고 영화를 봤지만 그리 욕먹을만한 망작은 아닌 것 같습니다. 각 인물마다의 서사가 다 있고 영화 끝까지 내용이 잘 이어진 것 같아 영화 완성도나 새로운 마블 세계관의 시작으...,이터널스
161,"어떤 분들 의견처럼 쓰레기 수준은 아닙니다만, 확실히 마블의 전작 영화들에 비하면 좀 모자라는 편이긴 합니다. 관객 홍보차원인지 여러 나라 배우들 끌어모아 좀 어수선하구요. 앞으로도 마블 볼거여서 숙제한다는 마음으로...",이터널스
162,"평점이 왜 낮은지, 높은지 다 이해돼요2시간안쪽으로 스피디있게 전개되었다면 10점이었을 것 같아요! 고생해서 만드셨을텐데 루즈한 부분들이 있어서 아쉬웠습니다. 블랙위도우 별 기대 없이 보니 꽤 재밌었는데, 기대 없이...",이터널스
163,세계관은 넓혔는데 하려는 이야기는 좁은 느낌...?,이터널스
164,할인권때문에 봤지만 정말  최악.온몸 소름.중간에 많이 잤음,이터널스
165,솔직히 이런 배우들 데리고 스토리 너무 합니다. 인물들의 행동을 이해할 수 없는 부분들이 많았습니다. 너무 아쉬워요.,이터널스
166,개연성도 없고 재미도 없고 액션도 부족하고,이터널스
167,너무 많은 등장인물이 있어서 초반에 설명하는데 시간을 많이 할애해서 아쉽다는...,이터널스
168,세계관이 더 커져서 복잡하긴 한데 마블에겐 한계가 없는것 같습니다. 안젤리나 졸리가 너무예쁨....,이터널스
169,블위 샹치 베놈까지 힘들었지? 이터널스까지만 악과 깡으로 버텨라... 스파이더맨이 간다앗!,이터널스
170,별 0개 없나,이터널스
171,액션 연기 영상미 굿//스토리라인 자세한 내막드러나면서 붕괴 ㅋㅋㅋ,이터널스
172,마동석 보고 다녀왔지만 그다지.,이터널스
173,미장센에 너무 몰두한 나머지 액션과 속도감을 실짝 놓친 것 같은...색다른 마동석을 기대했는데 그냥 마동석은 마동석이었던...,이터널스
174,다음편 보고싶지않음마블도 이젠 놓아줘야하나 ..싶음스파이더맨만 겨우잡고있음감상포인트는  마동석배우의 길가메시가 원작과 달라서 당황스럽다는정도,이터널스
175,우리 마블이 달라졌어요,이터널스
176,너무 길고 뭐가 많다... 여러 편으로 볼 내용을 한 편에 몰아보는 느낌,이터널스
177,"연출 연기이런거 다 좋았는데 전달하려는게 많아서 그런지 스토리가 너무 아쉽다..,,원작과 다르게 애들이 너무 약하게 나옴",이터널스
178,이제 마블 영화  안볼랍니다.명절때 꽁짜로 틀어줘도 지루해서  못볼것 같음 최악의 마블 영화,이터널스
179,다른건 다 모르겠고 주인공배우들 (향후 페이즈4을 이끌어갈)이 '블럭버스트'라는 장르를 감당할 연기력이 안된다...,이터널스
180,마블믿고 보고 왔는데 그다지 큰 임팩트는 없어요. 그럭저럭 볼만,이터널스
181,뭘 말하고 싶은건지? 인류의 생존과 인간의 존엄성? 전범국이 패배 인정 안하다가 원폭 맞은걸 무고한 생명의 대량학살로 엮고 싶었나본데 개연성 진짜 어이없음.,이터널스
182,우주의 섭리 자연의 섭리로 따지고 보면 타노스도 빌런이 아니다..?,이터널스
183,마블 특유의 액션도 없고 테나는 치매 노인네로 만들어버리고 회상도 많고 스프라이트 감정선은 이해 불가에 참 ㅋㅋㅋ...혼파망이다,이터널스
184,재미없고 지루합니다. 이제 마블도 한물간듯,이터널스
185,"모르고 봤으면, DC 영화로 알았을 거 같음.",이터널스
186,세르시 조연으로 넣어놨더니 이제 주연으로 바꿨네 ㅋ   걍 뻔한스토리 뻔한결말이었음.,이터널스
187,불균형의 충돌로 인내력을 시험,이터널스
188,마블 왜이래.. 베놈이랑 샹치도 그러고... 올해 진짜 기가 막혀..,이터널스
189,그냥 재미가 없어요 .. 캐릭터 활용도가 아쉬워요,이터널스
190,자면서 봄 마블 특유의 유머가 제로임 말그대로 제로 진짜 졸린 영화임 감독역량이라고 생각함 진짜 영화관에서 볼 영상미나 음향도 없으니까 나중에 집에서 보셈 보려면 딱히 얻을 스토리까지도 없지만,이터널스
191,너무 재미없어서 보다가 30부후에.나옴,이터널스
192,"시리즈 많이 낼거면서 첫 시리즈에 모든 서사를 담으려고 하다보니 어지러운 장면 전환, 어색한 흐름, 뜬금없는 로맨스. 배우들 대단하고 영상 대단한 건 알겠지만 대장정 서사를 한 편의 영화에 어떻게든 다 담으려고 하다...",이터널스
193,지들끼리 사귀는 러브스토리가 후반에 가서는 중점이 되는 건 아쉽 그러나 전체적으로 볼만했음 ㅇㅇ,이터널스
194,아시아 시장이 생각 이상으로 중요한가보네,이터널스
195,제일 최악이 캡틴마블이였고 2순위를 오늘 본 이터널스로 정함,이터널스
196,"마블 몰락의 시작인듯 재미도 없고 감동도  없다감상포인트가 없는데 ,",이터널스
197,막 좋지도 않고 나쁘지도 않네 액션은 적고 드라마 요소가 많음,이터널스
198,기대치를 낮추고 보면 적당 괜찮은 정도인듯..,이터널스
199,사실 지루하다면 지루할수도 있는데 이건 이터널스라는 팀? 개개인 능력도 보여줘야하고 스토리도 설정해야 해서 그런듯? 난 재밌게 봤는데 2편 기대됨,이터널스
200,오마이갓 디스 무비 이즈 붸리 보륑 후... 아임 슬맆... 이터널스 에브리바디 붸리 윜...,이터널스
201,그냥 그랬던거같습니다,이터널스
202,마블팬 입장에서는 킬링타임용 영화로 재미있었습니다.단지 아쉬운건 한 영화에 꽤나 많은 이야기를 담다보니 개인적으로는 이게 꼭 들어가야 하는 장면 연출인가 싶은게 있었고 그로인해 불편함을 좀 느꼈네요.여러 인물이 나오...,이터널스
203,다양하고 순하고 밋밋한 맛,이터널스
204,우선 스토리가 와닿지 않음..  너무 나간 느낌.  빌런과 파워 밸런스도 안맞는거 같고..  지루해 졸림..  뜬금포 히로시마..  그렇지 않아도 전범국 일본이 피해자 코스프레 하는데..  아무리 인류애라도 이건 공...,이터널스
205,영상미는 좋았지만 개연성이 너무 떨어지고 뚝뚝 끊기는 느낌.. 액션도 너무 퀄리티가 낮고 멤버들의 능력도 너무 낮고 뭔가 정말 평소 마블 히어로 영화는 아닌듯. 그래도 볼만은 했지만 마블 영화를 너무 기다리고 있어서...,이터널스
206,내가 본 최악의 마블영화 정말 중간에 몇번이고 나갈려고 망설이다 결말은 봐야지 하년서 참고 봤는데 결말까지 최악인 영화,이터널스
207,후반부가 아쉬움 개연성 부족으로 캐릭터 매력까지 잃어버리는..,이터널스
208,최악의 마블영화 영화관가서 본 마블영화중 돈이 제일 아까웟음,이터널스
209,안보고 싶다  유명감독들이 마블을 왜 비판하는지 알겠다 특히 이 작품,이터널스
210,"1.왜 아즈텍,히로시마? 2.잦은 플래시백 3.없어도되는 섹스,키스신 4.마동석의 어색한 파이 털썩 연기 5.어이없는 에이잭의 사망 6.기존 MCU의 설정붕괴 7.마카리,킨고 제외한 매력부족한 난잡한 캐릭들 8.지루...",이터널스
211,내가 영화볼 때 좋아하는 거: 서사 가득/출연진 가득/시리즈물/영상미/웅장함/우주/긴 러닝타임이터널스 안에 다 있음ㅋㅋㅋㅋ 고로 만족,이터널스
212,마블에 대해 깊게 알고  만화책 까진 봐온 오랜 팬들은 기다려온 거대한 인물들의 등장에 집중이되고 재밌게 볼수있겠지만 기존 마블 영화의 가벼운 내용과 엄청난 액션을 생각하신 팬들이라면 재미없게 느껴질 호불호가 강한 ...,이터널스
213,기대를 너무 많이 하고 개봉일날 보러간 내 잘못이 큼,이터널스
214,“사랑으로 점철된 휴먼 드라마”이거 히어로물 맞나요..,이터널스
215,액션씬이 예고편에서 나온거랑 차이가없네요. 지루하게 했습니다.스토리는 먼산...,이터널스
216,젬마찬 연기 진짜 당황스럽다. 연출도 설정도 별로임 심지어 기억에 남는 OST 없다.,이터널스
217,"클로이 자오 특유의 영상미, 그렇지 못한 허술한 전개",이터널스
218,솔직하게 기대하고 봤는데 노잼이에요 진짜 배우들연기 다어색하고 스토리 진행도 이상하고 개연성없고 유치해요 그냥 마블이라는 껍데기때문에 보는거고 당연히 화려함이나 액션은있지만 전체적으로 별로임 다음시리즈를위해봐야겠지만...,이터널스
219,마동석 나온거+마블 이라는 이유로 평점 올려치기해서 주는 느낌이네요. 당장 스토리도 엉성했고 직전에 나온 듄이나 라스트듀얼같이 잘만들어진 영화보다도 평점을 더받고있네 ㅋㅋ 영화 보지도않고 10점씩 주신분들 때문에 좀...,이터널스
220,생각보다 재미없음기대하지마세요,이터널스
221,마블 히어로류에 관심이 없어서 그런가 중간에 꿈나라 갔음,이터널스
222,더 이상 아이들과 볼 수 없게된 마블영화후속작이 안 나오길 바라게된 마블영화MCU에 속하지 않기를 바라는 마블영화마블영화가 아니었으면 하는 마블영화감상 포인트가 없어서 억지로 OST 선택,이터널스
223,아이언맨 그립습니다 ㅜㅜ,이터널스
224,불필요한 장면 이랄까? 그래도 히어로 영화에 각 캐릭터의 러브라인이라든가.. 뭐 감정보다는..액션이나.. 기타 다른것에 더 치중했으면 어떨까? 합니다.. 필요도 없는 장면들로 지루함이 좀컷습니다.. 그리고 네이버 영...,이터널스
225,헐리우드라기엔....ㅂㄷㅂㄷ,이터널스
226,하..진짜 1점도 아까움.감상포인트 누를것도없는데 누르라고 함?돈 버리고싶으면 추천함ㅋㅋㅋㅋ초반부터 지루해서 죽는줄알았음내용이 먼산으로~~~~ 10점준 사람들 뇌구조가 궁금하네^^,이터널스
227,마블 덕후라 조조로 보고 옴.괜히 조조로 봤다. 마블 영화 보면서 처음으로 상영중 나갈까?란 생각함.감상할 평이 없음ㅋ,이터널스
228,좀 지루합니다 역시 어벤져스를 따라가긴어렵겠네여,이터널스
229,극적인 연출을 일부러 안함,이터널스
230,퐁퐁이형과 구원자 셀레스티얼,이터널스
231,샹치가 낫다고 쓰게 될줄이야... 뻔한 중국스토리가 더 낫다고 느낄줄이야....진짜 별 하나짜린데 두개 준건 일단 이게 첫시작이고 앞으로 스토리가 잘 짜여질지도 모른단 약간의 기대 때문임,이터널스
232,솔직히 별로입니다. 특히 동성애 커플을 넣은 의도가 무엇인지 고개가 갸우뚱합니다.,이터널스
233,"다들 왜 그래,,,, 맓덕이 보기에 지금까지의 마블 MCU 영화들과 느낌은 비록 많이 다르고, 새로운 페이즈를 열기 위해 필요했던 영화인만큼 새로운 서사들을 넣고 너무 많은 개연성을 풀기에 시간이 부족하게 느껴졌던 ...",이터널스
234,리뷰처음남김 너무기대하고 조조로봄너.무.재.미.없.다  모든게다 정말임 ㅠㅠ,이터널스
235,캡틴마블 이터널스 롱런하면안됨...능력도 부실....히어로물에 너무 많은걸 담으려면 이리됨...,이터널스
236,영상미는 좋았는데 너무 지루해요 마블이라 믿고 예매했는데 실망스럽네요 엔드게임은 영화가 길어도 딱히 지루하진 않았는데 이터널스는 노잼이에요,이터널스
237,누가 길가메쉬 안죽는다고했냐,이터널스
238,재미가 없는건 아니였는데.. 그렇다고 시선을 못 뗄 정도냐 하면 그건 아니에요.세계관 확장에 스토리가 탄탄해져가서 알게되는 맛은 있었지만 보는 내내 울라불라블루짱과 파워레인저가 계속 떠올라갖고… 집중이 잘 안되더라구...,이터널스
239,"전범국가가 원폭 맞은것에 흘리는 눈물연출, 역사왜곡이다 마블 최악의 영화....",이터널스
240,진심?? 그냥할말이없다,이터널스
241,역대급 망작이다 이야기는 일괄성 없고모든 이야기를 담으려다가 산으로 가버렸어진심 안보는걸 추천,이터널스
242,"클로이 자오와 마블 유니버스, 그리고 팬들간의 동상이몽.",이터널스
243,"마블이 어쩌다 이렇게 됐는지.. 중구난방 뜬금포에 캐릭터 행동 개연성은 다 갖다버리고, 졸리와 돈리 캐릭터 이해도 안되고. 전개도 중구난방에 지구상에 존재하는 온갖 pc 다 갖다 붙여놓고.. 여러분 제가 이해를 못해...",이터널스
244,기존의 마블 영화를 기대하고 보면 안된다. 히어로 무비가 아니라 다큐에 가까움. 그건 그렇고 개연성이 너무 떨어진다..,이터널스
245,어벤져스를 기대하고 보면 실망함. 쿠키를 보면 그래도 다음편 기대됨,이터널스
246,"뭐...샹치때문에 이것도 큰기대는안했는데 예상은했다. 일단 이전의 마블 아이언맨,캡아,닥터스트레인지,토르,가오갤,앤트맨 등등하고 비교해보면 히어로의 매력이나 독특한 개성은 찾아볼수도 없을뿐 그냥 애니메이션판타지를 실...",이터널스
247,샹치가 가장최악이 마블영화일줄알았으나 이터널스가 더 별로였다7천년의 유대가 통수에 통수고 용서도 너무쉽고 맴버들이 살아온 기간에비해 너무 감정적이고 냉철하지못함 쓸모없는 pc요소 꾸겨넣느라고 작가들이 고생했겠고 이라...,이터널스
248,엄청 재밌지도 않고 평범한 마블 영화였습니다.,이터널스
249,그렇게 쓰레긴아닌데?,이터널스
250,여자애들 어쩌고 하는 남자들은 이 영화 감독이 여자인지는 알고 지껄이는거지?  그나저나 영화 넋 놓고 봤음. 재미가 없어서..,이터널스
251,마동석의 영어연기는 아쉽지만 10명을 이끄는 연출은 최선이었다,이터널스
252,영상미는 최고임 아이맥스나 돌비 시네마에서 효과가 극에 달함. 문제가 연출과 스토리가 너무 뒤엉킴여러 내용을 꼬아서 마지막에 확 풀어주는 쾌감을 만들어내지 못했음. (굉장히 복잡한 영화) 히어로 무비라는 설정보다 생...,이터널스
253,세계관이 너무 과하고 등장인물이 너무 많아서 스토리가 좀 아쉽네요,이터널스
254,"정말 지루하다. 백번 양보해서 오락 영화가 아니라고 해도, 드라마로서도 형편없다. 어느 정도냐면 지금 여기 이 영화가 재밌다는 사람들 싹다 알바라는 생각이 들 정도. 얼마나 재미없는지 궁금하면 봐보길. 왜 로튼토마토...",이터널스
255,기대를 많이 해서 그런지 많이 아쉬운 영화네요. 빈 수레가 요란한 법..,이터널스
256,"지루한 과거이야기, 개연성 등은 아쉬움웠으나 영상미가 좋고 후의 이야기가 궁금해지게 하는것은 성공",이터널스
257,기대를 너무 했나...스토리가 너무 엉성하네,이터널스
258,배우들의 감정선기들이 너무 어설프다,이터널스
259,비추..아이언맨이 명작처럼 느껴짐,이터널스
260,길가메쉬 죽은다음부터 집중력이 흐려졌다..,이터널스
261,토르 다크월드 급의 영화였습니다.. 너무 아쉽네요,이터널스
262,마블이라고 기대하지말고 봐라 진짜 기대하면 기대이하다,이터널스
263,땅따먹기하다 원폭맞은걸 피해자코스프레 일본 미화왜곡 극혐. 미국피해자들도 욕함ㅗㅗ백인대비 범죄많고 동양보다 아이큐낮은 약탈 흑인은 천재로 미화ㅗㅗ  예고대로 원조 수메르신화 모티브지만 잘 활용못함. 종교인들 짝퉁 성...,이터널스
264,"기존 마블 보단 DC스타일에 가까운듯? 어벤져스 만큼 정감 가고 덕질할 만한 케릭터가 없고, 이터널스만의 철학이 짙어서 거부감 들만 함. 근데 그래도 영상미와 큰 스케일 때문에 재밌었음. 쿠키는 2개 이고, 3시간이...",이터널스
265,뭔 개영화냐....ㅋㅋ,이터널스
266,영화를 보는내내 잠과의 싸움을했고 끝내 자고 일어나니 마동석은 화장이되어 있었다,이터널스
267,키드밀리따라하는 홍대병걸린 사람들 같은영화 예술영화이곤 싶은데 마블 타이틀때문에 액션신까지 우겨넣어서 ㅈㄴ 애매해지고 루즈해짐 그리고 캐릭터들 매력도 1도없어서 차라리 베놈이 we are venom 한번 외치는게 더...,이터널스
268,"마블영화를 기대한사람, 클로이자오의 감성을 기대한사람 모두에게 애매하다..",이터널스
269,"다른 연출, 다른 재미, 그에 따른 호불호.",이터널스
270,기대감이 커서 그런지 실망감 또한,이터널스
271,"나름 재미있게 봤다. 다들 너무 기대를 많이한듯...어렸을 때 해리포터 진짜 재미있게 봤는데, 딱 그런 느낌, 서사도 괜찮고 전체적으로 캐릭터 면면을 잘 살렸다고 봄. 영화 1번보고 이해하려면 유튜브에서 이터널스 서...",이터널스
272,액션은 심심했지만 이야기 듣는 재미가 있었다. 드루이그 눈도장 쾅쾅,이터널스
273,생각해던것 보다는 볼만 하네요.,이터널스
274,차라리 2부작으로 나눠서 천천히 시작했으면 좋았을껄..,이터널스
275,마동석 캐스팅은 신의한수. 마동석을 앞세워 세계 정복하는 마블.,이터널스
276,기대가 너무 커서.... 실망도 큰.,이터널스
277,캐릭터 하나하나 개성 넘치게 잘 표현한듯ㅋㅋㅋ 마블리 너무 좋아~~~,이터널스
278,이터널스 각 영웅들의 서사가 기억이 남을 정도로 제한적인 시간을 잘 활용한 것 같다. 다만 기존 마블 영화들의 오락성 강한 느낌은 없어서 다소 낯설긴 하다.,이터널스
279,여윽시 마블. 기대를 저버리지 않음.,이터널스
280,다음 마블을 위해서라도 꼭 봐야할 영화새로운 비전만으로도 멋진 작품이었다,이터널스
281,PC충이 다 개작살낸 마블의 역대급 빅쓰레기 원본은 어디로? 흑인은 왜 거기서 나와? 당초 성별 남자였는데 왜 여자캐릭으로 나옴? 흑인이 원작깨고 먹으면 인종평등임? 아 뜬금 동양인은 뭐임? 아제발... 마블 이러다...,이터널스
282,오랜만에 보는 마블영화여서 반가웠으나 10점짜리 영화는 절대 아니였다,이터널스
283,영상미는 괜찮았는데 블록버스터 전용 감독이 찍었음 훨씬 잼났을듯!!,이터널스
284,영화보다가 중간에 나오기는 처음입니다사람들이 많이 자고있더군요,이터널스
285,샹치 이후 마블에도 균열이 생기는 듯. 빠르게 소진될 뿐만 아니라 어린이 같은 캐릭터들. 또한 너무 긴 호흡의 서사가 지루함을 유발. 긴 러닝타임에도 불구하고 소개할 캐릭터가 많다보니 겉만 핥다가 퇴장되기도 하니 아...,이터널스
286,아니 재밌다는 얘들은 뭐 알바거나 잤냐 ㅋㅋ ㅈㄴ 에바로 만들었는데 ㅋㅋㅋ 뭔 어벤져스보다 약하게 만들었어 ㅋㅋ,이터널스
287,마블이라는 타이틀을 걸기에는 무거웠던 팝콘무비,이터널스
288,1점주면 알바라 그럴까봐 2점준다.마블도 이제 끝났네,이터널스
289,마블은 평타는 치겠지도 옛말,이터널스
290,조금은 아쉬운새출발 ..,이터널스
291,마블 영화지만 팬들에겐 마블 영화라는 느낌이 덜 드는 영화. 그렇다고 마블 팬이 아닌 세계관 설정을 모르는 사람들이 보기엔 너무나도 마블 영화.,이터널스
292,기존의 마블을 기대하면 실망할 수 있지만 충분히 괜찮다. 선악이 불분명한 전개가 인상적.,이터널스
293,생각보다 많았던 마동석의 비중과 그의 열연. 졸리와의 투샷이라니!,이터널스
294,후... 마블 영화라고 기대 하지만 실망!재미없어요,이터널스
295,"이렇게 까지 관람객 평점이 정확한적이 있었을까? 1. 마동석은 없다. 돈리는 있다.   -> 돈리 한정으로 예고편에게 본편이 졌다.2. 떡밥은 많다.이야기는 없다.     ->1편은 버리는 카드, 2편으로...",이터널스
296,평점이 낮아서 그냥 기대없이 봐서 그런지 그럭저럭 볼만했어요.,이터널스
297,"마동석과 BTS의 영향으로 마블팬이 아니라 일반인들이 많이 볼 것 같은데 지금까지의 마블영화와는 다를 것이다. ""마블영화는 영화가 아니라 테마파크다"" 라는 말이 있드시, 마블영화는 눈과 귀를 만족시켜주...",이터널스
298,솔직히 평점6점 먹을 영화는 아니다. 서사가 웅장해서 볼만하구만 왜들 구래..,이터널스
299,원툴좌들의 모임 = 이터널스,이터널스
300,정치적 올바름이 강요된 편견이 짬뽕되어 있어서 맛이 없어요~ 최악의 영화에요... 시간만 넘 길고... 지겨웠어요.,이터널스
301,너무 잡탕인 느낌이였음...,이터널스
302,연기를 너무 잘한 나머지 팀까지 속이는 레오나그냥 자기 생각만 하는 얼리어닥터(?)그냥 수집하기 위해 달리기만 하는 람머스둠피스트 빙의하다가 끝나는 둠피스트배신했다가 사랑하나에 미친 슈퍼맨그냥 지 멋대로 하고 싶어하...,이터널스
303,영화를 뭐 이따위로 만들었어;;,이터널스
304,불면증인 분들에게 추천! 꿀잠보장,이터널스
305,영화관에서 불면증 치료 받고옴,이터널스
306,내가 돈이 남아 돈다? 그럼 보세요~! 뭐 시간 떼우는 걸로 따지면 10점....이긴 해여!,이터널스
307,뉴페이스 대거 등장.마지막 엔딩은 어떤 속편으로 이어질지 감이 안잡히는게 문제..,이터널스
308,생각보다 재미는 있는데 그렇게 재밋지는 않네요.,이터널스
309,"마블의 전작들보다는 코믹적인 요소가 적었다. 다만 앞으로 새로운 마블 유니버스의 확장의 시작이란 걸 감안하면 캐릭터도, 스토리도 잘 살렸다고 생각한다. 한 가지 아쉬운 점은, 생각보다 이터널스가 강하진 않다고 생각이...",이터널스
310,모든 것이 적당했던 작품앞으로 어떻게 전개 될 것인가 궁금증은 들지만기존 마블 캐릭터들과 어떻게 뒤섞일지 기대와 걱정이 됨,이터널스
311,거대한 신화적 이야기에 마블 한 큰 술,이터널스
312,음... 그냥 저냥... 마블영화 같지가 않다.. 그리고 우리 길가메시... 분량이 적은건 아니지만.... 꼭 이렇게 해야했냐...ㅠ,이터널스
313,배트맨 vs 슈퍼맨 < 이터널스 < 저스티스 리그,이터널스
314,평점이 이렇게 낮을 정도는 아님 약간의 편집이나 연출이 조금 아쉬웠음 마블에 크게 관심없었던 사람이 보면 지루할수도 있었을 것 같음,이터널스
315,진짜 진짜 별로고 마블스튜디오는 끝이난거같다,이터널스
316,코로나도 짱깨꺼고 영화도 짱깨화가 되니깐 이렇게 구려지는거임 마블도 이제 짱깨한테 먹혔구나 걍 스토리 설정자체가 구리다 그냥 이번꺼 폭파시키고 다른거 만들어라,이터널스
317,일본이 피해자인가 왜 이렇게 표현했지,이터널스
318,서사만 가득한 마블 최악의 영화 입니다,이터널스
319,이 영화가 재밌다고 하는건 글쓴이 본인 얘기여서 그런가요? 처음으로 마블 보면서 영웅들 때리고 싶었습니다.,이터널스
320,진짜 시간 안가는 마블영화는 처음,이터널스
321,보다 졸았다. 마블 영화 보면서 첨이다.,이터널스
322,대체 하아 ㅠㅠ 어벤져스 돌려줘.,이터널스
323,무난한 작품이지만 마블이란 기대에는 못미침,이터널스
324,회상씬이 불필요하게 많고 감정적전달하고자 하는 메세지는 알겠지만와닿지 않음영상미는 좋음,이터널스
325,내용 별거 없고 시나리오는 중구난방 마동석은 2천년간 설거지 키스정돈 해줘라,이터널스
326,마블은 이제 엔드게임이후로 정말 end 끝인가보네요마블영화가 이렇게 지루한적은 처음입니다그냥 나중에 집에서 디즈니 플러스로 보세요돈 아깝고 시간이 아깝습니다,이터널스
327,시대적 배경은 지혼자 날뛰고 있고 갑자기 인도영화인줄알았네ㅋㅋㅋ,이터널스
328,조금은 아쉬운 스타일과 이야기!,이터널스
329,대서사시 느낌이라 그래도 마블팬이면 의리로 꼭 봐줘야지,이터널스
330,스토리 외적인 부분에 온갖 사회적 메시지를 이것저것 담으려는 것이 과하게 느껴져 아쉬웠습니다.어벤져스와 비교하면 약간 루즈할 수 있지만 스토리 자체는 나쁘지 않았습니다.,이터널스
331,장황하지만 의미있는 새로운 시도,이터널스
332,이런 OOOO같은 영화를 다봤나 엔드게임 감동은 도대체 어디로 갔냐 ㅋㅋㅋㅋ,이터널스
333,한마디로 퍼스트어벤져 처음 볼때 느낌인데 감독의 역량이 얼마나 중요한지 다시 한번 느꼈습니다.,이터널스
334,감독이 마블 안에서 새로운 시도를 했다는 것에 점수를 줄 만하다.,이터널스
335,졸리동석 졸라 멋있음 ㄹㅇㅋㅋ,이터널스
336,평점 보고 '어? 진짜 망작인가? 고민 되네? 이거 말고 듄 볼까?' 하는 정도면 봐도 괜찮음. 의외로 재밌고 캡마보다 재밌음,이터널스
337,생각보다 괜찮게 잘 봄.,이터널스
338,불친절하면서 집중력 없는 스토리가 조금 아쉽네요,이터널스
339,마블 이영화 저영화 짜깁기한느낌 ㅋㅋ히로시마원폭은 이성적으론 뭘 말하고싶은지알겠는데 우리나라정서상 이성적이안됨 ㅋ 그 장면이후 흥미잃,이터널스
340,"매너 좀 지킵시다. 영화보면서 한숨을 쉬지 않나, 중간에 단체로 나가질 않나..댁들 때문에 잠을 제대로 못잤어요. 영화관에서 자는 사람 입장도 생각합니다.",이터널스
341,"영화도 못 만든 주제에, 되지도 않는 철학적인 척, 성소수자 장애인 유색인종 성별 비율 맞추기 등 곳곳에 pc주의 심어놓고 생색내는 게 역겨워요.",이터널스
342,ㅈ망ㅈ망ㅈ망ㅈ망ㅈ망ㅈ망ㅈ망,이터널스
343,세계관의 시작임을 감안하고 보더라도 아무것도 모르고 봐도 재밌던 어벤저스와는 차이가 심하게 크다. 앞으로 어쩌려나 싶었음,이터널스
344,마블영화가 맞나 싶네요.  진짜 개노잼 말을 많이 할 필요가 없는극장에서 안보고 집에서 봤다면 꺼버렸을 영화 극장이라 겨우 다 봤네. 휴..,이터널스
345,미국판 염력… 듄과 비교도 안되는 수준,이터널스
346,10점준 놈들은 진짜 알바네 그렇게 살고싶냐 진짜 캐릭터나 스토리도 밋밋하고 화려한 cg없었음 그것도 망작인데 기존 마블영화 기대하고 보면 정말 실망함 그냥 인터넷에 나오면 보셈들,이터널스
347,"졸작이다 ..잤다 ..재미없다,..마블리 마다 했어야했다",이터널스
348,12세 관람은 쫌 아닌 듯...지루하고... 동성애에... 과한 베드씬 등 ... 내용 역시 이해하기 난해함...,이터널스
349,재미있겠다 하고 봤는데 중간부분 가면서 잠이 솔솔와서 자버림,이터널스
350,역대급망작 이도저도 아닌 애매한 작품 재밌다는 사람들은 지극히 개인적인 취향이니 고려할것대부분은 재미없음,이터널스
351,양심있으면 2편 만들지마라 마블한물갔군,이터널스
352,뭐하자는거냐 장난나랑지금하냐,이터널스
353,재미 없어요 ㅋㅋ이게뭐람ㅋㅋ,이터널스
354,이건 아니잖아..마블 아님  듄이 재밌는거였음..듄보세여 진짜,이터널스
355,처음으로 영화보다 잠 한 6번 잔듯,이터널스
356,아 진짜 마블이 이래도 되는거냐,이터널스
357,친한 연예인들끼리 나와서~~ 자기네들만 아는 이야기로 썰을 풀며~ 히히덕거리는 예능을 본 느낌,이터널스
358,별 반개도 아깝다.베놈2 보다 훨~~신 더 최악 오브 최악…심지어 2003년에 나온 헐크보다 더 재미없는역대급 망작~~~ 동석이형 나오는거 때문에 끝까지 앉아있었다…,이터널스
359,헐리우드 특유의 유머도 식상하고 다양한 출연진과 소외받는 계층의 내용도 넣은것 같은데 왜 그랬는지  알것같은 영화 자국 연기자가 출연해 극장으로 발길을 움직이게 만드는 하지만 2시간 30분이 아까운 시간이였다는 너무...,이터널스
360,마블 광신도로서 매우 실망스러운 영화였고.. 마블스럽지 않고 오히려 DC스러웠달까.. 지나보니 최근 베놈도 별로였고. 그나마 샹치가 좋은 영화였네.. 앞으로의 마블은 어떻게 흘러갈지.. 이터널스로는 답이 없어 기대가...,이터널스
361,베놈2에 당하고 이터널스로 전환 시키려고 했는데 한대 더 얻어 맞아가지고 아직 정신 못차리고 있습니다.,이터널스
362,노잼 노잼 노잼노잼 노잼 노잼,이터널스
363,중간에 화장실 다녀와도 무방합니다,이터널스
364,조잡하고 억지스럽고 지루한 이야기전개+캐릭터간 똥망밸런스+히어로물인데 보고나면 기억에 남는게 없는 액션신+마카리 별 0개없어서 반개줌,이터널스
365,마블역사상  최악 …  ㅠ 엑스맨 초능력 모아놓은느낌 …  넘  서사가 길음   영화가  길어질  영화가 아닌데 넘 길음 …,이터널스
366,보지마세요 개연성 1도 없음,이터널스
367,마동석은  대체  왜나온거냐  초반에  나오자마자 뒤지누,이터널스
368,내가 본 마블 영화 중 제일 재미 없었던 영화..마동석이라도 나와서 그나마 다행,이터널스
369,노잼임. 액션인데 그렇다고 영상미가 좋은 것도 아님 ㅋㅋㅋㅋ 처음에 딱 삼류 무협지느낌거기에 개똥철학도 끼어있죠?,이터널스
370,재미도없고 뭔가 역겨운 영화,이터널스
371,일본의 희생엔 눈물을 흘리고 한국인은 죽여 불까지 태우고 뼈가루를 뿌려 부활의 씨를 말려버림. 동성연애에 여자는 뒤에서 칼을 꽂아도 용서가 되는.. 너무 많은 이야기를 담으려다 정작 무슨 이야길 하는지 알수 없게 만...,이터널스
372,마블 매니아한테는 재밌게볼만하고 그냥 마블이라서 보는 평범한 관객입장에서는 노잼일듯,이터널스
373,우와 정말…가슴이…웅장해지지않아요…,이터널스
374,이번에는 박평식의 평점에 공감한다~~~~,이터널스
375,진짜 마블영화인데 ㅈ망이네 ㅋㅋ,이터널스
376,10명이서 대학교 조별과제하는걸 보는 기분입니다,이터널스
377,"영화 끝나고 주변 사람들이 ""지루하다""는 말을 많이 했습니다. 내내 주무시는 분도 계실 정도로 스토리는 빈약합니다. 개인적으로는 액션에 큰 모션이 없어서 그런지 유치하다는 느낌을 받았고 어린아이 캐릭터...",이터널스
378,마블의 대 실패.2시간 동안 지루했고 히로시마 원폭 부분에서는 역사왜곡에 감성팔이 ..,이터널스
379,디워가 더 재밌어요. 내용을 너무 질질끄네요,이터널스
380,하.. 감독이 마블에 PC질 오지게 해놨네..,이터널스
381,쓰레기같네요 마블팬이여도 안봐도됨,이터널스
382,솔찍히 마동석 빼고 너무 지루했습니다,이터널스
383,생각보다 별로인 마블 영화중 젤 재미없음.마블영화 보다가 10분동안 자긴 처음 ㅋㅋ며칠전에 본 듄은 몰입해서 본거에 비해이터널스는 여러모로 아쉬운 작품...,이터널스
384,스토리가 딱히 없는영화,이터널스
385,줄거리가 엉성하고 전투장면도  기대  이하네요..베놈에 이어 또다시  실망...,이터널스
386,어쩜 액션을 보고 있어도 졸립고 따분한지 마블이 이젠 끝인가 싶네요ㅠ,이터널스
387,여러 국가 인종 선택 관개몰이 실패,이터널스
388,주조연 정보 바껴야 하고 많이 지루함,이터널스
389,제발 스파이터맨은 잘 나오길...재밌긴 해,이터널스
390,역시나 재미있네용,이터널스
391,마블의 새로운 시작을 알리는것 같아 좋았어요ㅎㅎ,이터널스
392,영상과 음악이 좋았다 스토리 감동,이터널스
393,캐릭터들 다들 멋지네요.. 재미있게 잘봤습니다 ~~~,이터널스
394,인생 최악의 영화 별 하나도  아깝다,이터널스
395,솔직히 지금까지의 마블 생각하면 마이너스 평점 주고 싶다. 공든 탑을 이거 하나로 무너뜨릴 수도 있겠다는 생각. 또 이 영화 자체만 봐도 그냥 답이 없다. 감독 작가 다 새로 뽑아야 될듯. 스토리 구성이며 캐릭터 설...,이터널스
396,많이 지루하다... 솔직히 BTS노래가 영화사이에 나왔다는데 너무 지루하고 잠와서 어디서 나온지도 모르겠다. 살면서 영화관에서 자본적없는데. 이 영화는 그런 나를 5분이나 자게함... 이게 이터널스2를 위한 도약이였...,이터널스
397,내가 봤을때는 클로이 자오 감독새기가 영화 맡은것부터가 잘못 됬음 애초에 중국 빡대가리 감독한테 이터널스를 맡겼는데 유명한 배우들 여러명이 있는데도 영화가 이정도로 개판이다라는 것은 일부러 작품 망친걸로 밖에는 안보...,이터널스
398,"진심.. 마블영화중에 역대 최악의 노잼이고, 내 일생 동안 본 모든 영화 다 합쳐도 워스트3 안에 넣어줄게. 세상에 마블영화보다 하품을 10번은 할줄이야..여기 네이버 알바는 진짜 많다",이터널스
399,나만 당할수없지 같이봅시다 ㅋㅋ,이터널스
0,"압도적인 영상미, 눈을 뗄 수 없는 연출. 본인만의 스타일 확실한 SF 영화. 무엇보다 음악이 신의 한 수",듄
1,주연에 모래벌레도 출연시켜놔야 한다..,듄
2,"배우들이 화려하게 뭘 하는 건 아닌데, 그냥 영화 자체가 화려함ㅋㅋㅋ내용은 그냥 서막 수준이라 지루할 수도 있는데, 비주얼적으로 되게 기이하고 웅장해서 좋았음.",듄
3,보는게 아니라 체험하는 영화. 두시간 반 모래바람 속에 있다 나온 기분..,듄
4,이게영화지이게영화지,듄
5,기대했던 만큼 재미있었다. 영화관에서 안 봤으면 평생 후회했을 듯. 시간 가는 줄 모르고 봤음. 근데… 설마 여기서 끝나 에이 말도안돼 아니 이게? 이렇게? 실화? 하다가 ㄹㅇ 끝났음. 2편을 위한 빌드업인 것 같은...,듄
6,개인적이지만 이런 영화 좋아한다면 취향 다 때려박은 영화입니다.한번 더 볼 예정입니다.,듄
7,서사에 불과할뿐 앞으로 대장정의 시작 명쾌한 연기흡입력..,듄
8,2편이 기다려지는 또하나의 SF걸작,듄
9,"드니 빌뇌브 감독에, 영상미는 황홀하고 음악은 웅장하고 캐스팅도 대박인데 이상하게 영화가 밋밋함",듄
10,"아무런 배경지식 없이 봤을때, 내용 자체가 세계관 설명 및 다음 편을 위한 준비단계로 느껴져요솔직히 지루합니다",듄
11,"티모시,, 당신의 얼굴에 치얼스",듄
12,"확실히 대중적인 영화 아님! 배경만SF, 실체는 중세시대 칼싸움..",듄
13,내용이 너무 지루했어요.,듄
14,영상미는 있는데..재미는 없음,듄
15,나만 당할수 없다!어서 극장으로 달려가세욧!,듄
16,"이걸 보고 사람들이 듄이라는 작품에 흥미가 생긴다기보단, 듄이라는 작품에 먼저 흥미가 있던 사람들이 만족스럽게 볼 것 같은 영화였다.",듄
17,잠만 자다왔네 이게 영화냐,듄
18,영화가 너무 길게만 느껴졌다,듄
19,나쁘지 않은데요. 러닝 타임은 너무 길고 재미는 없어서 힘들었어요,듄
20,너무 긴 러닝타임.. 영상미 음악은 좋으나 2편을 가기 위한 긴 예고편일뿐 재미는 없음,듄
21,"웅장한 스케일과 영상미는 좋았으나 도돌이표처럼 되풀이되는 대사와 상황 전개, 시리즈 제작을 염두에 둔 결말 없는 마무리는 엄청난 기대를 실망으로 바꿔 버리네요.",듄
22,화려한 영상미에 비해 다소 단조로운 스토리... 중간에 졸았ㅠㅠ,듄
23,원작소설 5권중 1권 보고나온 느낌.감독과 원작의 팬이라면 아주 훌륭하지만아니라면 심심하고 지루한 영화,듄
24,세계관에 대한 자연스러운 묘사와 연출이 대단하다.하지만 난해한 스토리 전개와 일관되게 늘어지는 템포가 러닝타임을 지루하게 만든다.,듄
25,파트2를 위한 두시간반짜리 예고편.. 전투씬이 정말없어요,듄
26,아직 내 입에서 모래가 씹힌다.,듄
27,호평이 많지만 개인적으로는 너무 2편을 위한 영화인 것만 같아 아쉬웠다.,듄
28,노잼을 넘은 개노잼을 넘어 쌉노잼. 이걸 극장가서 돈과 시간을 날린 내가 레전드다 하...수면장애 있으신분들껜 추천합니다 꿀잠주무세요♡,듄
29,"나도 세계관 암것도 모르고 봤다. 이게 어떻게 지루한영화인지 노이해고, 인생영화라고 생각될만큼 진짜 감명깊게봤다. 그냥 초반부터 지지고싸우는영화를 보고싶으면 존윅을 보시기 추천함",듄
30,영화관 가서 안 끝나길 바랐던 영화….,듄
31,개인적으로 빌뇌브 작품을 선호합니다. 기대를 저버러지 않았습니다. 그냥 미쳤다라고 밖에 생각이 안 듭니다. 다음 작품이 너무 기대됩니다.,듄
32,생각나는거 : 우~~~에~~~으~~~아~,듄
33,원작을 모르는 사람에게는 너무 방대한 예고편일뿐,듄
34,티모시 연기 잘한다..,듄
35,대서사의 막을 여는 경이로운 스케일,듄
36,This is just for beggining,듄
37,'두려움은 마음을 죽인다. 두려움이 사라지면 나만 오롯이 남는다.' 이미 다음편이 기대됩니다.,듄
38,이건 <반지 원정대> 본 것보다도 더 지루하고 시작이 밋밋하다. 황제의 간교와 두 가문간 싸움이 이렇게 지루하다니. 2편 나오면 그때 다시 1편 봐야겠다. 그 전까지 또 봤다간 졸 것 같다.,듄
39,"영상미와 캐릭터들의 외모/연기는 나쁘지 않았음.그런데, 이게 전부임.원작을 안 봤더라도 영화는 너무 지루하게 만들어졌고,사운드는 웅장을 넘어서 귀를 너무 아프게 하고,전투씬은 함선들이 공격하는 것 빼곤 그렇게 흥미롭...",듄
40,"잘 만든 영화라고 본다. 관객들의 흥미를 끌기 위해 지나치게 안달하지 않고, 천천히 이야기를 전개해나가는 숙련미가 좋았다. 그래서 중반에 조금 지루해지는 면도 있었지만 숙면을 취하지 않고 참고 보다보면, 극적인 전개...",듄
41,150분이 넘는 예고편이라니,듄
42,이터널스 빨리 내리고 듄 다시 걸어라.,듄
43,지루함. CG기술 구사는 최고.,듄
44,설명하느라 욕 봤다. 파트2가 본격,듄
45,"그냥 영상미만 있음..우주선 만드는 기술이 있는데 싸우는건 칼,창,독침으로 싸움 비효율 쩌러버려서 집중안됨",듄
46,스타워즈같은 우주대모험 생각하고갔는데 전혀 결이 다릅니다. 듄의 세계에 담궈져서 압도당하는 느낌. 시종일관 모래씹은 듯 무미건조한데 가슴이 웅장합니다..드니 감독님이 티모시 만난게 우주의 섭리인 듯. 모래에 질릴 만...,듄
47,아이맥스 돌아와ㅜㅠㅠㅠ또보고싶어ㅜㅜㅠ,듄
48,원작을 안본 입장에서는 조금 지루,듄
49,영화 자체만으로 이해가 되어야 하는데 영화를 보기위해 공부를 해야 하는 영화,듄
50,날아다니는 히어로와 빠른 이야기 전개에 익숙해진 세상에 제시하는 SF의 새로운 방향,듄
51,와.. 이런 영화가 도대체 얼마만인가?,듄
52,잔잔한 SF좋아한다면 무조건 명작이라고 느낄수 밖에 없는 영화지만 액션신같이 폭발적인 분위기를 좋아한다면 그저 졸린 영화가 될 수도 있다,듄
53,데이빗 린치 왈 영화는 50%의 비주얼과 50%의 사운드다. 이 관점에서 본다면 올해 최고의 영화. 게다가 어려운 원작을 이해하기 쉽게 설명한 점도 대단하다. 2편이 빨리 나오기를 기대한다.,듄
54,영화 속 세계관을 이해하는 것도 피곤. 화면은 온통 거멓거나 회색이거나 모래거나 해서 눈도 피곤. 2시간 40분을 앉아 있어야 하는것도 지루. 2부터는 재밌을거 같은데 좀 힘들었다. 심지어 결투씬도 재미없음,듄
55,소설을 영화로 만들때 감독이 누구인지가 제일 중요한 대표적 사례,듄
56,2시간동안 이게 몬가싶었다.,듄
57,원작의 설정과 감독의 스타일을 어느 정도 감안하고 가야함. 여느 sf물과는 다른 결임.,듄
58,베놈보단 낫다...^^,듄
59,저는 듄친놈이 되었습니다...,듄
60,티모시 진짜 잘생겼다  ㅠㅠ,듄
61,"아무데나 반지의 제왕을 갖다 붙이지 마라. 반지의 제왕이 왜 20년이 지나도 최고의 판타지 영화로 찬사를 받는지 그 이유를 먼저 생각해보고 붙일지 말지를 고민해봐라.원작을 봐야하는, 설명 없이 영화를 보기 어려운 영...",듄
62,돈 값 합니다. 추천해요.,듄
63,장대한 프롤로그를 보았다. I want more,듄
64,이터널스 보다 더 재미있는거 같아요,듄
65,영상미는 인정. .. 너무앞선 영화가 아니라 조금만 앞섰음 좋았을껑..귀아파 죽겟음 . .,듄
66,원작을 본 사람에게는 그야말로 축복과도 같은 작품이지만 원작을 접하지 못한 사람에게는 호불호가 심할듯 합니다.난 해리포터 소설 안읽고도 영화 재밌게 봤다 하는 분들이나 영화는 영상미랑 OST지~ 하는 분들은 도전해보...,듄
67,"영상미가 황홀해요. SF계의 한 획을 그을듯한 영화,, 드뇌 빌뵈브 감독과 함께한 티모테.. 이것만으로 볼 가치 충분",듄
68,몰입감 넘치고 시간가는줄 몰랐음. 무엇보다 남자배우 얼굴값으로 이미 영화티켓 본전 뽑은 느낌,듄
69,파트2 언제 나와...,듄
70,화려한 영상미와 웅장한 브금  좋은 연기력 다 좋지만 스토리의 서사를 중심으로 풀다보니 주인공의 위기만을 담고있는영화. 듄2가 기대는 되지만 이 한편의 영화는 스토리적인 부분에선 아쉬움이 있었다.,듄
71,장난하나 ㅋㅋ 내가 왜 원작을 알고 봐야되는데? 원작 모르면 이해 안되는 영화가 잘만든 영화라고? 쥐럴하네 ㅋㅋㅋ 어디 ㄱㅐ나소나 반지의 제왕에 비비네. 반지의 제왕이 우습냐?,듄
72,영화만 봐도 원작 소설의 분위기가 대강 짐작될 정도로 연출이 세련됐다. 그러나 수능 국어 비문학 지문을 읽는 듯한 느낌은 보는 내내 떨쳐낼 수가 없었다. 동양인(의사) 캐릭터는 쓸모없어지니 바로 버려진 것처럼 보인다...,듄
73,"IMAX 아닌 돌비애트모스로 봤는데, 그냥 압도당하네요. 영상미 하나로만해도 볼 가치는 충분함.",듄
74,너무지루하고 재미없음. 스토리에 개연성 이런것도 없고화려한 무기가 있음에도 굳이 칼싸움하는것도이해가  안가고...  상황과 음향효과도 언발란스하다.특수효과나 좀 볼만할 뿐이고...,듄
75,오랜만에 감상한 완벽한 영화. 인생 첫 아이맥스였는데.. 앞으로 웬만한 아맥 영화들은 성에 안 찰 것 같다는 느낌이 들었음. 아맥에서 또 감상하고 싶은데 상영관이 다 내려가서 아쉬움.,듄
76,2시간반동안 시간가는줄 몰랐다...정말 편안하게 꿀잠을잤다...,듄
77,첫 단추를 꿰는 영화로서 시리즈의 서사에 해당하지만 방대한 세계관에 대한 설명이 다소 불친절한 부분이 있다.영상미로서는 다음 영화를 기대하게 되지만 스토리 진행의 긴장감은 다소 루즈한 부분이 있고 엔딩크레딧이 내려 ...,듄
78,누군가에게는 SF대작이 될 수 있지만 누군가에게는 2편을 위한 루즈한 서사가 될 수 있을거 같아 함부로 추천하기 어려운 영화,듄
79,화려하지만 지루한....,듄
80,긴 러닝타임을 걱정했지만 재미있었다 남주 매력있다고 느꼈음. 전체적으로 웅장하다,듄
81,너무 재미있음.계속 긴장함. 아무리봐도 스토리 연기보다 음악에서 오는 긴장감 미친듯화장실 꼭 방문하고 볼것.,듄
82,기가 빨릴정도로 몰입이 대단영화는 재밌고 얼른 2편을 보고싶다영화관에 가서 보아야 영상과 사운드를 제대로 느낄 수 있을 것 같다,듄
83,"개인적으로 만족했지만 섣불리 추천하긴 어려운 영화. 분위기는 압도적이라 원작팬들은 만족했을테지만 일반 관객들에겐 느린 전개와 친절하지 않은 설명, 2021년에 나온 SF영화라기엔 심심한 볼거리와 서막에 불과한 건 알...",듄
84,이 시리즈 영원히 안 끝났으면 좋겠다. SF영화 중 최고...,듄
85,이런걸 영화관에서 안본다면 손해임,듄
86,그냥 보세요 압도적인 영상미 음악 거를게 없습니다.,듄
87,보고나니 몸이 뻐근해지도록 몰입감이 엄청났다.,듄
88,감독이 드니 빌뇌브니까 영화가 상당히 조용합니다. 액션보다는 영상미와 음악에 집중하며 관람하세요. 스타워즈같은 sf액션 영화 기대하고 갔다가는 꿀잠을 당하실 수도 있습니다. 그리고 이 영화는 2부작으로 기획된 시리즈...,듄
89,"전 재밌게 봤지만 개인에 따라 호불호 갈릴 수 있는 영화. 2편을 위한 거라 쉴드치고 싶지만 2편 촬영을 22년 가을로 예상하고 있다고 함. (워너도 흥행에 자신이 없었는지.... 1,2부 동시 촬영 후 1년 간격으...",듄
90,역대 최고수준의 연출이다. 마블 영화처럼 가볍고 만화같은거 좋아하는 사람들은 싫어 할지도.,듄
91,성공적이면서도 실패한 영화랄까? 이토록 듄에 대해서 잘 표현하다니. 원작 소설에 비해 전혀 모자람이 없는 대단한 작품이라 본다. 압도적인 영상과 ost는 너무도 훌륭하다. 하지만 사전 지식없이 보기엔 너무도 불편하다...,듄
92,대놓고 2편의 예고편....나중에 2편나올때 케이블에서 다시보면될정도...,듄
93,n차 하니 더 잼있음...지루할듯 하지만 빠져든다,듄
94,영상이 특유의 디스토피아적인 세계관을 잘 표현했다고 생각 단 듄세계관에 대한 이해가 없는 사람이라면 조금 지루했을 수도 ..,듄
95,빌뇌브는 SF의 현재이자 미래다.,듄
96,"원작의 많은 부분이 삭제되었으나 필요한 부분을 잘 살려서 내용이 매끄럽습니다. 파트 1, 2말고 1권 내용 3부작으로 하면 좋을텐데..무한복습할 영화가 추가되어 기쁩니다.",듄
97,세계관을 먼저 좀 숙지하고 봐야함 그냥 쌩으로 보면 뭔가하겠지; 근데 소설 기반의 영화라 세계관이 미친듯이 방대하니 모르고 그냥 보면 좀 힘들수도 있지 근데 좀 알고보면 졸잼~영상미도 엄청나고 CG기술이 얼마나 발전...,듄
98,도중에 지루했고 뭔가 좀 아쉬웠다,듄
99,이야기 구조 너무 단순하고 느림.. 연출도 그냥 저냥.. 티모시 영상화보임,듄
100,"스토리가 난해한듯 안한듯, 어려운듯 단순한듯, 먼가 터질꺼 같으면서도안터지는 영화",듄
101,영상미 말곤 .. 그냥 재미가없음,듄
102,흥미로운 세계관 이긴 한데 조금 지루한,듄
103,정말 너무잘잤어여ㅋ 엄청시끄러운데 너어어어무 지겹고 재미없어서 깜짝놀랐습니다 여자친구랑보러가면 맞을영화?,듄
104,잠자리 비행기 타고 유도미사일까지 쏘는데 왜 광선검도 아니고 생칼들고 싸우는지... 모래괴물도 뭐 삼킬때 폭탄을 넣던지 기술은 최첨단인데 사람이 못 따라가는건가...스토리도 뻔하고 사막애들 모아서 복수하겠지...,듄
105,드니와 한스짐머는 듄을 위해 커리어를 쌓아왔는가…*,듄
106,클리셰가 아니고 원조라구요~,듄
107,한번도 본 적 없는 사운드와 비주얼,듄
108,배경음악때문에몰입감이대박인영화,듄
109,세계관 다지기,듄
110,너무 재미없고 루즈했어요.사운드만 웅장,듄
111,모든장면이 아름다움아이맥스 재개봉 기다립니다,듄
112,아이맥스로 안 본 나 반성해...,듄
113,이게 왜..너무 기대를 햇나봐. 엄청난 기대작이라매..조용하고 ..영상미만 좀있고. 뭔가 좀 내용도 걍 그렇고. 그냥..그랫어.,듄
114,길고 루즈하다.3시간짜리 프롤로그,듄
115,사실 이야기만 놓고 봤을 땐 중2병 걸린 사춘기 소년이 썼음직하다.,듄
116,파트2가 시급합니다빨리내놔요,듄
117,"성경과 SF, 중세와 미래를 섞은 혼합물...장쾌한 액션은 없고, 정적인 기괴함을 많으 보여준다는 점이 독특한 볼거리. 세팅과 미장센은 좋다. 다만 이런 느린 호흡의 시리즈물을 얼마나 오래 기다리며 볼 수있을지는 미...",듄
118,최소한 영화면 사전지식 없어도 관객에게 상영시간 내에서 공감 이해를 시켜줘야 한다고 생각하는데아무것도 모르고 보는 입장에선 난해하고 지루하기만 할뿐,듄
119,하.... 이젠 입이랑 똥구멍만 있는 얘 덕질하게 생겼네....,듄
120,그냥 입닫고 보다가 입열고 보는영화. 영상미 찢어버림ㅜㅜ원작전집사버림. 길고긴 예고편같지만 그것마저 아름다운 영상미와 주인공들 연기력에 파트2가 너무너무너무 기대된다,듄
121,다음편을 꼭 보고 싶게 만듦,듄
122,올해 본 영화 중에 제일 압도적이고 최고였다. 확실히 방대한 이야기를 축약하고 그 일부를 다루는 영화이기 때문에 원작 소설을 읽는게 영화에서 생략하거나 비유적으로 표현한 장면에 대해 이해할 수 있다는 느낌이 있어서 ...,듄
123,빨리 2편 보고싶다..,듄
124,어우 이런거 너무취향임,듄
125,듄 원작을 알면 팬티가 축축하고 원작을 모르면 옆에 앉은놈이 왜 지리고 있는지를 전혀 이해 못할 영화,듄
126,진짜 조오오오온나게 재미없음 평점믿고 중간에 안자고 계속봤는데 정말 실망,듄
127,진짜 너무 지루함 충격적으로 ㅋㅋ 영상미랑 사운드는 좋음 근데 그걸로 2시간 30분을 견디기는 힘듦 시간아까움.. 영화보다 잔 거 진짜 처음인듯,듄
128,스케일이나 뭐 영상미 대작처럼 만들라구 노력한건 알겠는데 스토리도 졸라지루 돈주고 봤음 개아까웠을듯,듄
129,거대한 시작을 함께한 기분,듄
130,영상미 음악 몰입감 연출력 배우…뭐하나빠지는게없는….다음편이 너무 기대돼요,듄
131,"<반지의 제왕> 이후 다음 시리즈가 기대되는 영화. 난 스타워즈도, 해리포터도 제대로 안 봤는데 <듄>을 보고야 말았다. 티모시살라메가 왜 난리인지 알게 된 영화. 그리고 소설책이 읽고 싶어졌으...",듄
132,이게 재밌냐?  와우 내가 영화란 영화 한국서 볼 수 있는건 다 보는데 최악이다.사실 보기전에는 기대는 했었는데 옛말에 기대하면 실망한다는 말이 딱 맞는 영화인거 같다.  아무리 후속작을 위한 밑밥 깔아주는 편이라도...,듄
133,화면도 압도적이지만 무엇보다 사운드가 미쳤습니다.극장에서 꼭 봐야할 영화예요,듄
134,파트2가 너무 기대가 되는 영화임 반지의 제왕처럼영화보고 원작을 찾아보고있내요 일단 양장으로 질러놧음 ㅋㅋ,듄
135,너무 재밌어서 책으로 다 읽어 보려구요,듄
136,"이걸 영화관에서 못보는 사람들이 안타까움. 무조건 제일 큰 스크린에서, 좋은 음향장비와 함께 봐야하는 영화.",듄
137,2시간 반동안 어떻게 보나 했는데 영화가 되게 묘하면서 재밌어요.,듄
138,보다가 졸아버렸는데 정확한 평가를 위해 다시 봐야겠다,듄
139,개 지루함 ㄹㅇ 보지마셈 진짜 개 노잼 ㄹㅇ 30분보고 2시간 그냥 램수면 빠져버림 내 인생 최악의 영화,듄
140,그래픽과 음향이 영화의 멋을 완벽하게 살린 듯. 초반에는 세계관을 파악하지 못했는데도 몰입도가 굉장히 높았음. 다음 작품이 더 기대되는 영화.,듄
141,개 지루함 보지마셈 최고의 수면영화,듄
142,아이맥스에서 볼 가치가 있어요,듄
143,여태까지 봤던 SF중 가장 인상깊은 영화.,듄
144,두 번 봤다. 아이맥스로 보라,듄
145,원작소설을 꼭 반드시 다 읽고 빌뇌브 작품들이 취향에 맞는사람들만 보러가길 바람 안그러면 2시간동안 숙면을 취할수 있음,듄
146,가슴이 웅장해지는 영화였다...,듄
147,"여기 나오는 배우들 하나하나가 이 영화를 위해 그동안 연기내공을 쌓아왔나싶고, 감독은 전작 블레이드러너 2049(개인적으로는 뭔가 한방이 없는 이영화가 좀 심심했는데) 이 영화를 위한 연습을 했던건가 싶을정도. 장면...",듄
148,"정말 최고였습니다.. 너무 피곤한데도 눈을 뗄 수 없는..꼭 때리고 부시는 화려한 액션이 아니어도 그 다음 장면, 그 다음 장면이 궁금하고, 푹 빠져 들어가는 영화였습니다.",듄
149,예술가들이 관객에게 준 선물이라고 생각합니다,듄
150,하고 싶은 이야기가 뭔지를 모르겠습니다. 그들만의 세계관에서 그들끼리만 끼리끼리 노는 느낌..,듄
151,괜찮긴했는데 아직 파트 1이라 그런지 일단 도입의 느낌이 났습니다. 조금 지루한 부분도 있네요,듄
152,오에스티로 압도당함.. 티모시 얼굴에 압도당함.. 모래벌레에 압동당합..,듄
153,알바 많이도 풀었네 ㅋㅋㅋ재미도 없는데 너무  길어서 자다 나왔다. 차라리 드라마로 만들지 2편에 때려넣느라 뭔 스토리인지 알 수 없고 OST는 시끄럽기만 하고 사막보려면 다큐보는게 낫다. 책 안 읽은 사람은 2시간...,듄
154,와...드라마보는게 더 괜찮을듯 ㅜㅜ졸려 죽는줄...그냥 나옴 ㅜㅜ,듄
155,영화보면서 재미없어 나가고 싶은 충동을 만든영화임. 정말 재미없음,듄
156,한번더보고싶은영화입니다,듄
157,기대헸던 것 보다 스토리가 휠씬 탄탄하고 영상미도 정말 좋아서 너무 재미있게 봤습니다. 그리고 배경음악이 정말 웅장하고 찰딱이여서 좋았습니다.,듄
158,ㄹㅇ 돈아깝다 돈 넘치면 보셔도 괜찮은 영화네요,듄
159,이거보고 재미있다는 애들은 뭐냐 내 인생 최악의 영화에 손꼽힌다,듄
160,"일반 영화관에서 보고 아이맥스에서 한 번 더 봤습니다. 영상, 음악, 연기, 연출 최고네요. 파트 2 나오기 전 책을 읽어야겠어요. 긴 러닝타임이 이렇게 짧게 느껴질줄은.... 또 영화관 가서 보고싶네요.",듄
161,영화관에서 본 영화중 가장 최악 제작비 가져다 버린 영화 이걸 본 빠에는 넷플릭스 보세용~,듄
162,제작비 2000억원 가까이 들인 영화가 그 자체로는 완결성도 갖추지 못한 예고편에 그치고 말았다니 앞으로 드니빌뇌브에게 투자할 제작자가 있을까?게다가 한스짐머의 웅장한 음악을 무분별하게 난사하여 묘미도 전혀 살리지 ...,듄
163,"애초에 SF 대서사물에 크게 관심이 있어서 지루한 부분도 잘 참는다면 이만한 작품이 없고, 딱히 볼게없어서 봤다거나 빠르게 자극적인 부분이 나오길 바라거나 처음듣는 고유명사에 흥미보단 혼란함이 더 커져서 싫증이 난다...",듄
164,잘만 되면 지금 세대의 스타워즈가 될 수도 있겠다는 생각이 드네요. 2편을 위한 1편 너무 좋았습니다!,듄
165,너무 재미있고 웅장해요. ^_^ 2편 기대합니다!,듄
166,대장정의 시작을 담백하고 흡입력 있게 잘 만든 영화.그러나  드니빌뇌브 영화라 역시나 액션의 맛은 부족한게 항상 입맛만 다시게 하는 시리즈가 되지 않길 바란다.,듄
167,속직히 댓글조작 아니냐? 두시간 반동안 영화관에서 고문당한 기분이다..,듄
168,지루한 대작 한스 짐머 님께 실망했네요,듄
169,개OO아서 감상포인트가없는데 왜자꾸선택하라는거야 OO같은거,듄
170,"소설을 좋아하는 사람들, 드니 빌뇌브를 좋아하는 사람들, 한스 짐머를 좋아하는 사람들에게 최고의 선물",듄
171,오랜만에 스크린 앞에서 압도 당함.방랑어스처럼 어색하고 억지로 쥐어짜내는게 아닌 자연스럽게 압도되는 느낌. 신선했음,듄
172,"이런 시국에 이런 스케일이 큰영화가 나와준것도 감사할따름인데, 볼거리가 일단 풍성해서 좋더라..",듄
173,"드니 빌뇌브, 그가 만드는 영화 역사의 서막",듄
174,아 좋네요 진짜 재밌게봣어요 ㅜㅜ,듄
175,불가능할 것같은 스케일의 이야기를 드니 빌뇌브 감독이 영화화에 성공했다. 빨리 내놔라 파트2.,듄
176,이 영화의 단점은 파트2 동시제작이 아니라는것이다.,듄
177,그냥 극장가서 한번 보세요... 보고 깨달으세요..,듄
178,역사적인 시리즈의 시작을 함께하다,듄
179,앞으로의 시리즈가 기대됨. 사운드가 일품. 단 정적인 영화에 쥐약이신분들은 불호일듯.,듄
180,솔직히 스페이스 오페라에 별로 관심이 없었어서 웅장함은 알겠는데 그 재미같은게 느껴지진 않았어요..ㅎㅎ 그래도 워낙 영화 cg가 화려하고 ost가 웅장해서 아마 이런 장르를 좋아하시는 분이라면 재밌게 보실 수 있을 ...,듄
181,최악 슬로우 연출을 너무 국밥 우려먹듯 우려서 러닝타임만 늘어지게되고 몰입 깨지고 지루하게만 느껴졌다.대작을 만드려고 대작인척 하는 느낌만 받게해준 영화 실상은 액션도 별로 스토리 전개도 별로,듄
182,감독 특유의 분위기가 느껴짐. 엄청 몰입해서 봤습니다,듄
183,세 편이 다 나오면 몰아봐야할 영화... 사람들이 어떻게 반지의 제왕을 차례대로 기다렸는지 ㅋㅋ 그 기분을 조금 알겠다.,듄
184,"느린 속도로 이야기가 전개되지만, 웅장한 영상과 사운드가 영화를 이끌어 덜 지루했다!",듄
185,별한개도 아깝다 죽고죽이는데 지루하고 스토리 전개도 복잡하고 세계관도 복잡하고 .. 진입장벽 매우높은 영화..,듄
186,사막이 압도적이었어요 다시 보고 싶은 영화입니다,듄
187,재미 없는데 재밌고 3시간짜리 긴 예술 작품을 본 기분이다,듄
188,호불호가 미친듯이 갈리는 영화인데 나는 너무너무 좋았음감독이 실제로 존재하는 세계를 카메라에 찍어온 듯한 느낌이 영화의 단 하나의 단점은 후속편이 2년뒤에 나온다는 것..,듄
189,오랜만에 본 스케일이 큰 SF 영화라 좋았다,듄
190,2023년 10월 파트2 개봉 예정이라니 언제 기다려,듄
191,무조건 사운드와 화면 큰 곳에서 감상하시길 바랍니다.오래간만에 SF장르를 진정으로 즐길만한 영화라 생각됩니다.,듄
192,최근 개봉한 영화들 중 제일 만족스럽다,듄
193,위대한 원작을 영상으로 볼수있다는 것만으로도 감동..,듄
194,아 이게 영화냐? 너무 못만들고 내용도 개떡같고 지루해 죽는 줄 알았다. 고문하냐?,듄
195,개노잼 마무리도 시시하고,듄
196,SF 팬이 아닌 사람도 압도한 웅장한 스케일과 캐릭터 간의 텐션. 영상미와 음악의 조화가 굿. 긴 러닝타임이 오히려 짧게 느껴졌다.,듄
197,"듄. 많이 기대하고 봤는데, 역시 재밌었습니다.",듄
198,색다르고 재밌다. 사막풍경도 좋고. 근데 스토리가 너무 단순하다.,듄
199,2시간 넘는 영화임에도 불구하고 압도적인 영상미와 음악으로 지루하지않게 봤어요 2차관람하고싶을 정도로 모든 면에서 매력적이고 흥미로운 영화,듄
200,재미드럽게 없음 ㅡㅡ시간만길고 내용은 하나도 없고,듄
201,"반지의 제왕이 얼마나 재밌고 위대한 영화인지 새삼 깨닫게 해준 듄. 원작을 알고보면 이해한다, 재밌다 라는 평은 좀 무책임하게 느껴짐. 영화는 철저한 대중매체이며 대중에게 쉽고 재미있게 다가갈 의무가 있다. 특히 이...",듄
202,그냥 같이한 시간이 좋았던 영화영상미 빼고는 내용자체가 없는 영화,듄
203,아트레이데스! 아트레이데스! 아트레이데스!,듄
204,아나... 너무좋음 빨리 2 나왔으면...,듄
205,SF장르를 별로 좋아하지 않음에도 영화가 주는 압도적인 느낌과 경험이 훌륭했다.,듄
206,대중영화로는 아쉽지만 세계관을 설명하는 첫편으로는 완벽했다고 여겨짐 ㅎㅎ 2편이 기대되고 그때는 세계관 설명에 할애하는 부분이 줄면서 다들 납득하게 되지 않을까 생각함,듄
207,양호한 영화라고 생각하지만 한 번 더 보고 싶을 정도의 매력은 없었다. 그리고 다들 영상미를 많이 칭찬하는데 한 편으론 동의하면서도 크게 와닿지는 않았다. 개인적으로 차기작은 볼 의향이 없지만 원작 소설에는 상당히 ...,듄
208,영화관나갈까말까 한 열번고민한듯,듄
209,사운드 관에서 안본걸 후회 중... 진짜 영화 좋아하고 SF 좋아하는 사람들은  1분도 지루할 틈 없이 즐길 수 있는 영화.,듄
210,알아야만 재밌는 영화,듄
211,기본적인 관련 내용을 모르면 대략 140분 내내 흥미도 안생기고 몰입불가....,듄
212,지루하더라...마지막에잤다,듄
213,"듄 세계관을 어느정도 이해하고 가서 본다면, 최고의 영화가 될 것이다. 정말 간만에 제대로 영화 감상하고 집으로 돌아갔다.",듄
214,영화관에서 봐야하는 영화 ㅋㅋㅋ 파트2도 꼭보러갈듯,듄
215,3시간짜리 엄청난 퀄리티의 프롤로그를 보고온 기분. 딱 스토리 시작부분에서 끝남. 세계관 설명하려면 어쩔 수 없다고 봄. 근데 아이맥스로 볼껄 하고 후회함. 일반 상영관에서 봤을때도 웅장하고 멋있었는데 아이맥스로 봤...,듄
216,뒷 이야기가 벌써부터 궁금해지는!,듄
217,이터널스보다 나음,듄
218,생각없이 봤는데 최고의 영화 등극!!,듄
219,내가 이걸 만원만 주고봐도 되는걸까...? 무조건 크고 사운드 빵빵한 영화관가서 관람하시길,듄
220,드뇌 빌네브... 이 감독 영화는 개인적으로 시카리오만 재미있었고 그 외는 모두 재미가 없다. 백만명 넘은 영화가 하나도 없는게 그 방증이다. 나름 유명한 감독이라고 해서 매번 이 사람 영화를 보긴하는데...볼 때마...,듄
221,와 OOOO 조온나 재미없음그리고 10월 23일 토요일 cgv 광주하남 21:05~23:50분 타임 E열 6번 노마스크남 꼭 코로나 걸리길 ~^^,듄
222,"진짜 '듄' 같네 기억나는거 사막, 스파이스, 꿈 도 희망도 없는거 반복적으로 하니까 빡침",듄
223,싸구려 3류영화.  이런 쓰레기도 오랜만이다.,듄
224,"연출, 영상미, OST, 연기 모두 최고",듄
225,천천한 그러나 탄탄한 서사가 인상 깊었습니다. 2편 무조건 보러 갑니다.,듄
226,반지의 제왕 1편처럼 중간중간 졸면 어쩌나 했는데 한스짐머형이 졸려고 하면 깨워줬다 걱정하지말자 생각보다 웅장하고 재밌었음...ㄹㅇ.... 너무 간지쩔었음... 아맥에서 보지못한건 좀 슬프긴 한데 재밌었음!!! 다음...,듄
227,담껏도 얼렁 내노랑께요,듄
228,2편이 기대돼요.,듄
229,파트2가 기대됩니다,듄
230,몰입도가 굉장함. 연출과 음악도.,듄
231,"흥미진진하거나 활기찬 영화가 아니다. 말 그대로 화면과 음악을 감상하는 영화다. 이게 영화로서 재미인지는 개인의 선택이고, 나에게는 나쁘지 않았다.",듄
232,긴러닝타임,듄
233,중간중간 조금 지루했는데 스케일도 크고 배우라인업도 빵빵해서 눈이 즐거웠다,듄
234,마음이 듄듄합니다,듄
235,오랜만에 평점줍니다SF 좋아하면 꼭 봐요후속작 기대됨,듄
236,OST가 너무 좋아서 압도적인 영상미와 함께..꼭 큰 스크린에서 스피커 좋은곳에서 보세요.,듄
237,"호불호 심하게 갈리던데 전 좋았어요, 눈뽕영화인건 확실함",듄
238,듄 영화 정말 재밌습니다.,듄
239,영화가 끝나는 순간 다음편이 엄청 기대됐음,듄
240,넷플의 시대에도 극장이 왜 존재해야 하는지 보여주는 영화. 2시간35분 내내 황홀함을 선사.,듄
241,재미지고 영상미도 개쩌는대  ost가 끝없이 나와서 보고나면 피로해짐,듄
242,정말 압도적인 영상미입니다. 초반부 세계관 설명이 조금 지루할수도 있으나 후반부로 가면 화면에 빨려들어갈듯이 집중하게 됩니다.,듄
243,155분이 너무나도 짧게 느껴질만큼 방대한 세계관에 몰입하게 됨,듄
244,긴 러닝타임에 두려웠는데 시간가는줄몰랐음,듄
245,호불호는 크게 갈릴것같지만.... 그럼에도 난 3번 봤다..,듄
246,높은 영상미에 연기와 스토리 모두 좋습니다. 다소 지루하다 하는 분들은 영화가 정신적 부분을 표현하고 액션 비중이 크지 않아서일 수 있지만 철학이 보입니다. 사막이 매우 아름답고 이색적으로 표현됩니다.,듄
247,시간 남아도는 사람들만 보길...정 보고 싶으면 OCN에서 보길...,듄
248,"영상미는 너무 좋았지만, 듄을 모르는 사람의 입장에서 하나하나 세계관을 받아들이는데 시간이 좀 걸렸습니다.",듄
249,최고….!,듄
250,감독의 애정이 넘쳐나는 작품,듄
251,세상에서 가장 긴 예고편 안자면 당신은 용자,듄
252,별하나 주기도 아까워요. 이렇게 스토니 없고 음악만 쾅쾅 거리는 영화는 처음입니다. 마스크까지  쓰고 3시간 가까이 본다는게 고문이더군요.,듄
253,정말 재미 없네요....루즈하다 못해 첨 한 30분은 졸면서 봤어요.2탄을 얼마나 대작으로 뽑고 싶은지 모르겠는데 떡밥만 두시간 반을ㅠㅠ오랜만에 영화인데ㅜㅠ,듄
254,나만 당할수 없다 어서 극장으로 달려가세요!,듄
255,"퇴근하고 봤는데, 중간에 잠들었다. 너무 지루하고 러닝타임도 길다.확실히 영상미는 있다. 영상이랑 OST 는 뭔가 웅장해.. 웅장한데...근데 왜 웅장한지는 모르겠다... 어 그냥 아무 장면에 잘만든 음악만 갖다 붙...",듄
256,기대를 많이 해서 더 재미 없네요.,듄
257,아니 30~40분이면 될걸 2시간 반동안 지껄여,듄
258,아나 재미 없다고 아나 ㄹㅇ,듄
259,스토리 개연성도 없고 재미도 없습니다. 최악.,듄
260,졸려 디지는줄 알았다 ~영상미는 그럭저럭 괜찮았는데  내용이 너무 지루하고 난해하다~,듄
261,"배우 캐스팅부터 대박난 영화. 티모시 샬라메, 젠데이아, 제이슨 모모아까지 전부 캐릭터랑 싱크로율이 잘맞는다. 특히 티모시 완전 귀공자 느낌 났음. 영화관 에서 본거 정말 좋은 선택임. 2편 엄청 기다려짐.",듄
262,영상미가 엄청난 것만으로도 만족스러운 영화. 한스 짐머 특유의 음악 색까지 더해져 귀도 호강. 새로 오픈한 지점에서 봐서 오디오도 좋았음. 러닝타임 동안 눈과 귀가 즐거워서 스토리가 단순해도 만족도가 충족됨,듄
263,긴장 반 설렘 반으로 본 영화였지만 웅장함과 사운드에 지배당하고 온 영화. SF에 관심이 생기게 해준 영화. 세계관 한번 보면 10배로 더 재밌는 영화. 열렬하게 사랑하거나 열렬하게 싸우는 장면이 많지 않은 영화. ...,듄
264,음악과 무대가 정말 뛰어난 영화. 상상을 구현해낸 감독의 기량이 돋보였던 것 같다. 배우들 연기도 인상적이었다. 다음편이 기대됨.,듄
265,오스트 미쳤습니다. 음악때문에 두 번 봄,듄
266,초반은 설명위주라 지루한 감이 있지만 중반이후 전투신은 볼만하다는...,듄
267,드니 빌뇌브 영화 중 최고 걸작. 꼭 돌비시네마에서 보세요. 강추강추.,듄
268,드니 빌뇌브 감사합니다...한스 짐머 고맙습니다...,듄
269,"sf, 세계관 큰거 좋아하시는 분들 강추",듄
270,만사천원의 소중함을 일깨워준 고마운 영화,듄
271,"""이새끼들이 아니라 내가 사막에 있는 느낌이었다.""",듄
272,효과음? 및 배경음에다가 돈 갈아넣은 걸 느낄 수 있었다.2시간 30분 상영내내 사운드가 빈 적이 없는 듯...,듄
273,소설을 재밌게 봤거나 듄의 세계관에 대한 관심이 있는 분 말고는 재미를 크게 느끼실지 모르겠습니다.제 솔직한 마음으로는 1점도 아까운데 0점을 선택할 수 없어서 1점 드립니다.세계관에 대해 모르고 본게 제 잘못이라면...,듄
274,진짜 재미없음 ㅜㅜ 중간에 잤어요,듄
275,"노잼, 노잼, 핵노잼, 소설 매니아지만 영화 핵노잼",듄
276,진짜 너무너무너무 재미 없고 기대햇던거애 반에 반도 못미침 그냥 사막영화,듄
277,올해 본 영화중에 가장 지루했습니다. 차라리 세계테마기행 재방송 보는게 더 나을거 같습니다. 그래도 러닝타임이 더럽게 길어서 킬링타임은 했습니다.,듄
278,졸다나옴정말 돈아까웠음 ㅠㅠ,듄
279,아  몇OO만에 진짜 잼 없는 영화를봤다,듄
280,보다가 한 2번 기절함..,듄
281,올해 본 영화 중 최악의 영화불면증있는 사람이 보면 좋을듯잠 자기 좋은 영화,듄
282,돈이 너무 아깝다 태어나서 이렇게 재미없는 영화는 처음봄,듄
283,집중해서 보다보면 어느새 시간가는줄 모르고 있는 나를 발견하게 됩니다.,듄
284,볼 예정이라면 영화관에서 봐야하는 영화,듄
285,배우들의 미친 연기. 눈을 뗄 수 없는 영상미. 나를 압도하는 ost. 모든 게 완벽하다. 올해 본 영화 중에 단연 최고. 무조건 영화관에서 보세요.,듄
286,모래언덕에서 일어나는 우주전쟁.,듄
287,정말 내 타입 영화. 장대하고 중간 중간 나오는 노래도 정말 좋다. 아이야~,듄
288,스케일 크고 음악 웅장하고 티모시 연기와 외모는 뭐 말 할 것 없이 좋고 근데 아무런 정보없이 본 저한테는 스토리는 좀 지루했어요 전투하는 장면이 너무 별거 없이 끝나고 쉽게 당하고...그래도 다음편이 기대는 됩니다...,듄
289,"OST는 한스 짐머, 영상미는 드니 빌뇌브, 스토리는 그 어마무시한 듄. 재미없을 수가 없다.",듄
290,영화재밌네.. 재밌어,듄
291,160분이 순식간에 지나갑니다. 압도되는 화면 압도되는 분위기.2023년까지 2편만 기다리며 살아갈 것 같아요.,듄
292,너무 재미있어요,듄
293,완전대박,듄
294,"간만에 가슴 뛰는 판타지 시리즈. 관람 전에 유튜브로 대충 기본 설정과 용어 해설을 습득하고 가서 어렵지 않았다. 오히려 원작을 아는 상태라면 친절한 편이라고 생각하고, 긴 러닝타임이라 지루하게 느껴질 수 있지만 극...",듄
295,"훌륭한 감독을 넘어서 거장이 되어가는 드늬 빌뇌브의 SF작품.드늬 빌뇌브의 팬이라면 시간가는 줄 모르고 볼 영화. 웅장한 분위기, ost, 티모시 샬라메의 눈빛 모든 것이 압도적.!!!",듄
296,이거는 아이맥스나 큰 스크린용 영화,듄
297,10부작 영화로 만들려고 한거 같음.. 영상미는 좋다.. 근데 스토리는 프리퀄 수준.. 그냥 세계관 소개라보면됨.,듄
298,ㅆㄹㄱ 진심 보지마세여 시간 아까워여,듄
299,"별1개도 아까움.별내용도 없고 2시간넘는 지루하기끝이없고, 미래인데 칼로 싸움장난하는것도 아니고 예고편에 속음절대 네버 언제쯤 액션신이 있나하다고종료됩니다. 어디서 이런 영화른 만들어가지고 돈이 아깝다 아까워 ㅠㅠ",듄
300,몰입감 떨어지고 지루하고... 졸리다 그저 졸릴뿐이다,듄
301,2시간 반짜리 사막 다큐멘터리,듄
302,기대 이하의 영화인 거 같습니다,듄
303,"제발 절대보지마세요.정말 지겹고, 시간이 너무안가고,너무지루해서 잠들었습니다.음향? 그냥 그저그렇던데다알바들입니다.참고하세요",듄
304,스타워즈 프로모션 3시간짜리 같은데 느낌 좋고 세계관 좋고 앞으로 정말 재밌어질거같은 느낌,듄
305,영화관에 갇혀서 하루종일 듄만 보고 싶어요!내용은 단순한것 같고 영상미 사운드 휼륭합니다자꾸 아라키스가 생각나요 뭔가에 빠지는게 남들보다 심한 저는 듄 후유증이 심합니다 :) 영화 이후 스토리가 궁금해서 소설도 구매...,듄
306,방대한 세계관을 너무나도 멋있게 잘 구현해 주었어요! 파트2 기대됩니다!!,듄
307,연출 영상미 대박 음악도 웅장하고 꼭 큰 화면으로 볼 것! (연기도 잘함),듄
308,무조건 아이맥스로 봐야 됩니다.영화 자체는 호불호 갈릴만 하고 지루하다 느낄 수 있지만 스토리 자체는 원작을 안 본 사람도 이해를 쉽게 할수 있을 정도로 잘 풀어냈음.  원작의 방대한 세계관과 2편을 위한 서사에 불...,듄
309,극장에서 볼 단 하나의 이유,듄
310,내가 극장에서 본 SF + 모험 드라마들 중에 최고다. 진짜 역대급이다,듄
311,원작을 읽은 사람은 빠져들 수 밖에 없고 읽지 않은 사람은 지루할지도..,듄
312,"아라키스 사막 투어, 155분~!!!",듄
313,"- 호불호 심한편으로, 나는 배경지식 없이도 재밌게 봤으나 남친은 지루하다고 평함 - 후속작 빌드업이라 느낌이라 그런지 인상 깊었던 장면은 딱히 없었지만 영상에 압도되었던 장면은 많았음 아이맥스로 봤다면 더 좋았을 ...",듄
314,진짜 개노잼 내가 더잘만들겟다 다신내지마라,듄
315,정말 오랜만에 재미있게 본 외국영화. 영상미와 음향을 사용하는 방식이 독특해서 영화에 몰입을 돕고 무엇보다 배우들 연기가 너무 좋았다. 무조건 영화관에서 봐야하는 영화!!,듄
316,"전반적으로 서사를 잘 살렸고, 연기, 음악 등 크게 흠 잡을 것 없는 좋은 영화였다.* 베놈2 / 이터널스 보느니 듄 2~3회 보는 것이 더 나음",듄
317,이 영화를 본다면 굳이 아이맥스가 아니더라도 꼭 영화관에서 보기를 추천하고 싶네요 cg를 거의 사용하지 않았다던데 배경의 웅장함에 압도당하고 왔어요 음악도 몰입감이 최고입니다! 원작을 잘 구현했고 스토리 부분도 탄탄...,듄
318,넓은 박물관을 둘러본 느낌. 예술이라는 명칭이 가장 잘 어울리는 작품이 아닐까싶어요. 영화전개가 잔잔하고 그러면서 웅장하게 진행되는데 초반부는 살짝 지루하다는 생각을 했는데 후반부로 갈수록 몰입도가 장난아님.. 스토...,듄
319,댁의 아버님과 어머님을 제게 주십쇼,듄
320,영화관에서 봤으면 후회했을듯... 왠만한 영화는 재밌게 보는편인데 보다가 중간에 지루해서 끈어보기했음,듄
321,영화관에서 잠을 잤던 첫 영화입니다. 2편은 절대 안 볼 예정입니다,듄
322,0점이 없어서 1점 줍니다. 60년대의 상상력으로 쓴 스토리의 영화를 보자니 지루해서 시계만 보다가 나왔습니다. 시간들 낭비하지 마세요.,듄
323,하아 정서에 안맞음뭐가 대작인지소설 본사람들만 보길,듄
324,진짜 구려요 보지마세요 제발,듄
325,절대 보지마세요 개 쓰레기임,듄
326,감독에게 실망입니다. 때깔만 멋지고 내용은 고리타분 그 자체. 본 시간이 아깝네요. 아무리 원작이 1970년대 작품이라고는 하지만 현 시대에 맞게 조정해서 만드는 게 그렇게 불가능했던 건가요? 차라리 다른 감독이 만...,듄
327,지루해서 졸았음. OST가 주문 거는 느낌.,듄
328,"보는 것이 아니다, 경험하는 것이다.",듄
329,사전 정보 없이 보았다가 돌아와 연구를 하게 되는 영화... 코로나 시대에 지루한 영화시장에 재출발을 알리는 영화,듄
330,영화관을 약 3시간짜리 수면방으로 만들어 주는 기적의 영화,듄
331,드니 발로 만든 뇌????,듄
332,ㅈㄴ 늘어짐 재미없음 절대보지마요,듄
333,"영화 한 편에 세계관을 꾸역꾸역 넣은 느낌 세계관이 워낙 크고 장대하다 보니까 이해는 하지만 1,2를 나눠서 세계관 설명을 했으면 어땠을까 싶고  본격적인 내용 전개는 2에서 시작을 할 듯 확실히 영화 자체는 세련되...",듄
334,느리다 지루하다 액션에 감흥없다.,듄
335,만들지 말지... 나오지 말았어야할 영화.,듄
336,여기 평점 2점이상준넘들 다 알바들임진짜 예고편 그게다임OOO기 영화임출연진들만 역대급임그이상도 이하도 아님그냥 개젗도 잼읍음~평점 잘준것덜 다 쓰레기 알바임어떠한 볼거리도 없음,듄
337,씨발 재밌다고 하면 OO다 존나잠오네뭔소린지 하나도 모르겠다있어보이려고 애쓴느낌돈아까워서 억지로봄,듄
338,"큰 기대 안햇다가, 뒤통수 맞고 나온기분... 와... 진심",듄
339,개노잼 ㄹㅇ 개노잼 씹노잼,듄
340,그 유명한 전문가들이 왜 이 영화를 택했는가에 완벽한 대답이 되는 작품. 트릴로지 이상으로 나와 역사를 써 주길 바랄 뿐.,듄
341,처음볼때 이해가 안가서 영화시간이 지루했어요유튜브로 해석을 보고 영화를 다시보러갔는데 와…듄 작가는 천재일까요 너무 재밌게봤네요.파트2빨리 보고 싶어요 파트1은 책의 내용을 최대한 보여주려한 느낌이 많이 드네요,듄
342,방금 롯데시네마에서 보고왔는데 재미있습니다.추천드립니다.2편이 기대되는 대작영화.약간 루즈할수 있는 부분도 있으나 전체적으로 내용도 좋고 유치한것도 없고 부분적으로 생각해볼수 있는 여지가 있는 영화.,듄
343,진심 파트 투 마렵다,듄
344,조금 길어서 지칠수도있지만 영상미가 좋음..,듄
345,올해 최고의 영화 다음편 어찌 기다리나..,듄
346,"상영시간 내내 아라키스 다녀온 느낌입니다ㄷㄷ특유의 분위기는 물론, OST가 분위기를 한층 더 올려주고, 서막이라는 느낌이 강하게 다가옵니다. 진짜 멋져요 ㅜ",듄
347,"음향, 영상미 훌륭했습니다 스토리도 또한 너무 예상외로 설명 친절했고요",듄
348,"영화보면서 스크린이 작아 보여서 답답한 듯한 느낌은 처음인것 같은데, 광활한 사막의 영상미가 대단하다. 꼭 아이맥스로 2차 관람해야겠다.",듄
349,아이맥스로 보세요 꼭....,듄
350,엄청난 영화시리즈가 탄생할 듯 하다. 영화를 보고 원작소설을 읽고 싶어졌다.,듄
351,얼른 2편이 나왔으면... 너무 재밌네요.,듄
352,"정말 훌륭하다. 연기, 스토리, 철학, 영상미, 음악 모든 것이... 오랜만에 가슴 뛴다. 매혹적인 시작. 사운드가 좋은 상영관에 갈 것을 추천하며 미리 세계관 정리해놓은 영상 정도는 유튜브나 블로그 등에서 찾아보고...",듄
353,생각보다 재밌고 흥미진진했음 특히 영상미가 예술임,듄
354,지루하다고 해서 기대 안하고 봤는데 재밌었습니다 다음 시리즈 기대할게요,듄
355,원작을 신봉하는 매니아라 걱정반 기대반 이었다 흡족하게 2부를 기다린다 감독판이 따로 나와도 좋겠다,듄
356,압도적인 스케일과 비주얼. 티모시 X 한스 짐머 효과도 대단했다.,듄
357,인셉션 이후 개인적 최고영화 ㅠ 어떻게 재미없다 지루하다라고 쓸수가 있지...? 평점올리려고 10점...,듄
358,"드니 빌뇌브 연출, 한스 짐머 음악, 티모시 샬라메 주연안볼 이유가 없다, 올해 최고 영화!!!",듄
359,난 좋던데 액션이 막그리 화려하지않았어도 영화보는내내 다음편이 어떻게 그려질까 상상되기도하고무튼! 다음편이 많이 기대됩니다 영상미는 참좋았어요! 눈도즐겁고!신기하고!,듄
360,드니 감독 특유의 신비주의감과 느린 연출 때문에 지루함,듄
361,와 미장센 미쳤다...이게 시네마지,듄
362,연기 연출 배경 스토리 음악 뭐하나 부족함이 없고세시간이 삼십분 같은 느낌 ㅠㅠ 2편이 아바타처럼 오래걸리지 않기만을 기도합니다,듄
363,영상미최고 ...몽환적이고 판타스틱한 영상미에 개꿀스토리 ..1년에1편씩꼭 나와야하는영화..,듄
364,"누가 우주의 토지같은 영화라 했는데, 우린 그걸 생각해 봐야 한다. 토지가 대 명작이라는 것을...",듄
365,더 알고 싶게 만들어주는 스토리,듄
366,드니 빌뇌브 감독 영화를 극장에서 보고 후회한 적은 한번도 없었다. 영화 보고 나오면서부터 벌써 파트2가 기다려질 뿐...,듄
367,SF지만 순한맛이라 좋았고티모시 샬라메가 다했다<두려움은 작은 죽음이다> 나도 모든 두려움을 초월하는 기분이었어,듄
368,1차 관람 후 유튜브에서 세계관 좀 찾아보고 2차 관람하니 그제서야 영화를 온전히 즐길 수 있었네요. 드니 빌뇌브 감독이 만들어내는 SF 영화는 확실히 스타일이 있어서 좋습니다. <컨택트>도 추천!,듄
369,반지의 제왕 같다고 한 놈 죽여버린다.,듄
370,지루해서 나가고싶었읍중간에 나가는 사람들이 이해되는 영화어디에 점수를 줄수 있는지 당최 이해가 안됌,듄
371,매트릭스 와  왕좌의 게임 합친 느낌,듄
372,기립박수 9분 쳤다는 놈 나와봐....볼따구를 9분 쳐줄라니깐...확....뭐 스토리의 시작 이라니깐...참는다...액션도 별로고...감동도 별로고...2시간 30분도록...하....시간 아깝다 갠적으로....,듄
373,2시간 30분짜리 도입부.,듄
374,배우들 캐스팅 연기 영상미는 나쁘지않으나연출이지루함 뭔가 질질끄는느낌 루즈함 넘지루했음 몰입감없었음 예술이고뭐고 영화는 기본적으로 재미가 있어야된다고생각하는사람인데 재미없었어요 그래서 중간에 졸고 시간이참안가더라구요...,듄
375,연기잘함 영상미좋고 오스트 신선하지만 지루하고  영화를 후속작을 위한 예고편으로 만들었음,듄
376,보다 딥슬립함 너무지루함. . .,듄
377,"영화배경이 약 8천년 후인데, 헬리곱터 비행을 말뚝과 버튼으로 해서 어이 없었음. 스토리도 일반적인 전쟁영화여서 실망함",듄
378,원작 소설 내용 알고 사전 지식 알고 봤는데도 난 이 영화에 몰입하기가 조금은 힘들었다.첫번째 이유로 스파이스(멜란지)에 대한 시각적 묘사가 부족했다. 스파이스는 그 효력과 가치 때문에 가문 간의 싸움과 배신이 일어...,듄
379,미친영화다... 이 영화만이 낼 수 있는 고유의 분위기로 압도해버림,듄
380,"""시네마라는 이름의 경험은 바로 이런 것이다."" 라고 진명(voice)로 외치는 걸출한 마스터피스. 비록 감독의 전작들과 마찬가지로 모든 관객을 다 끌고 가지는 못한다는 점이 유일한 아쉬운 점이지만, ...",듄
381,모래 먼지 속에 있다 나온 느낌,듄
382,SF 좋아하시면 무조건 보시길 추천,듄
383,기본세계관을 알고 가야 제대로 즐길수 있을듯. 몰입감과 후속작에 대한 기대가 크네요.,듄
384,도대체 시리즈 몇편까지 갈라고? 다음편 언제 나와요?,듄
385,직접 봐야 알 수 있습니다. 극장에서....,듄
386,티모시와 드니 빌뇌브와 한스짐머의 경이로운 하모니,듄
387,영화는 굉장히 멋있었는데 단순 재미를 생각하면 별로,듄
388,23년에 2편 나온다니!!!빨리 나왔으면 좋겠네요!!,듄
389,정말 빨려 들어갈 것 같은 영상미... 원작을 모르고 봐서 그 낯선 배경이 더 신비롭게 느껴졌어요. 2편이 너무 늦게 나오지 않았으면ㅜ,듄
390,오랜만에 화려한 영화 한편을 본듯.한스 짐머의 음악이 진짜 귀호강할 정도로 압도적이었음!! 파트2가 기대된다...,듄
391,판타지 싫어하는 사람이 보면 클리셰 덩어리 판타지 좋아하는 사람이 보면 새로운 SF 판타지 블록버스터,듄
392,상상을 뛰어넘는 화면과 음악에 두시간 반 황홀하게 보냈습니다,듄
393,기본적인 배경지식을 알고 보았을때 그 재미가 배가 되는 영화,듄
394,원작 스토리가 방대해서 그런건지 모르겠는데 파트2를 위해 여러가지 배경설명을 한 것같은 기분이 든다. 그래서 그런지 뭔가 좀 심심한 느낌이 있다.,듄
395,"재미란게 치고박는 엔터테이닝적인 면은 적지만 빵빵한 배우진의 연기와 볼거리, 스케일에 감탄하게됩니다.시리즈물이라 중간에 끊긴느낌이 있다는 평과달리 잘마무리된거같습니다.단지 초반부라 그런거같구요... 솔직히 끊긴다길레...",듄
396,"장르에서 오는 호불호는 있겠지만 연출, 연기, 스토리, 영상미, OST까지 모든 면에서 추천하는 영화.",듄
397,대작을 위한 초석같은 느낌의 영화이자 듄의 세계관을 알고 있는 사람들에게는 축제같은 영화,듄
398,재미보다 감동을 원한다면 추천,듄
399,다시 한번 만들더라도 이미 명작,듄
0,사람먹는 안티히어론데 청불로 가자 좀ㅋㅋ 똥싸다 끊는 느낌이잖아,베놈2
1,연출은 좋았습니다.근데 스토리도 너무식상하고재미없었고정신없고 시끄럽기만했습니다.,베놈2
2,카니지라는 좋은 캐릭터를 너무 단순하게 소비해버려 아쉬운....,베놈2
3,이런 명배우들을 데리고 이런 폐급 영화를 만드는 것도 어떻게 보면 능력이다,베놈2
4,이게 뭔....ㅋㅋ...,베놈2
5,방금 보고 나왔는데요 쿠키가 역대급입니다,베놈2
6,Venom: Let There Be Cookie. 킬링타임용으론 그럭저럭이었으나  보고 난 뒤 남은 건 쿠키뿐이었다...,베놈2
7,뭐가 그리 급했을까. 뒤에서 베놈 쫓아오는 느낌. 쿠키가 없었다면 후회할 영화.,베놈2
8,호불호는 갈리겠지만 오락영화로 이정도면 뭐... 나쁘지 않죠. 에미넴이 다시 ost에 참여한 거... 아주 좋음,베놈2
9,베놈1은 극장에서 정말 재밌게 봤는데 2는 뭔가 연출말고는 좀 식상해지는 느낌이였음,베놈2
10,아니 베놈만큼 좋은 캐릭터도 없는데 이걸로 똥을 빚네…  진짜 소니 너무싫다,베놈2
11,쿠키영상을 보기위한 97분의 기다림,베놈2
12,드럽게 시끄럽기만하다,베놈2
13,스토리가 없음 베놈이랑 카니지가 싸운다를 어떻게든 억지로 길게 늘려놓은 느낌,베놈2
14,뭐야 이거 베놈이랑 에디의 로맨스물이었어,베놈2
15,쟤들은 진짜 부부상담 받아야 돼,베놈2
16,이 영화 보는 법 : 출구 문이 열리면 들어가서 쿠키를 보고 나온다.,베놈2
17,관람 후기베놈 : 렛 데어 비 쿠키,베놈2
18,모든 부분이 맘에 안드는데 러닝타임 짧은게 장점이라면 장점,베놈2
19,"평점이 낮아서 마음 아프다,,, 그래도 베놈2 나와줘서 고마움ㅎㅎ",베놈2
20,영화관에 가지않고 베놈1편보고 인터넷에 떠도는 쿠키를 보는 사람이 승자가 될 것입니다,베놈2
21,시간 내다버리는 영화...,베놈2
22,그냥 저냥 잘봤습니다...액션 히어로 영화중 아욘맨 스파이더맨 캡틴 어벤져스등이 스토리도 탄탄하고 액션은 말할것도없었으며 얼마나 잘만든 영화인지 새삼 느끼게 되네요...예전에는 극장가서보면 와~와하며 감탄사까지 쏟아...,베놈2
23,요즘 이런류스핀오프로 나오는 드라마 한편도이거보단 더 내용이 있겠음..,베놈2
24,"소니-마블간 영화의 한계를 넘어, 새로운 지평을 여는 작품인줄 알았더니 역대급 무임승차였다.. 카니지와 우디 해럴슨은 동시에 한시간짜리 빌런으로 낭비되었다.",베놈2
25,러닝타임도 짧은 편인데 왜이리 지루한지...,베놈2
26,"개봉하자마 조조 영화로 본 1인, 코믹스를 비롯해 마블 좋아한다면 꼭 보세요. 특히나 쿠키에서는 소름이 안 돋을 수가 없음……",베놈2
27,유치하고 맥아리없는 전개가 당황스러움,베놈2
28,생각보다는 기대 이하였어요ㅠㅠ 카니지가 아쉽네요.,베놈2
29,2는 보지마시고 다음에 나오는거 보세요,베놈2
30,베놈을 아예 개그 캐릭터로 만드셨던데요. 1때도 그럴듯한 이유 하나 없이 히어로가 되길 자원하는 캐릭터의 모습이 여러모로 이해가 안 됐었습니다. 그런데 시즌 2에서 보여지는 모든 행동은... 그저 캐붕이 아닌가요. ...,베놈2
31,마블행 버스 무임승차.,베놈2
32,빨리 끝나기만을 기다렸다 ㅜㅜ,베놈2
33,쿠키 말고는 건질거 하나 없는 폐기물,베놈2
34,뭔가 서론이 긴 느낌... 1편이 제일 재밌었다 그래도 영상미 오에스티는 정말정말 좋았음,베놈2
35,아ㅋㅋㅋ 베놈이랑 에디랑 티키타카 너무 좋음ㅋㅋㅋㅋ,베놈2
36,후반에 전투 장면은 재밌고 영상미도 좋은데 그 전까지 다소 지루하다는 느낌을 받았음,베놈2
37,제발 제발 이런 장르는 청불로 맵게 가자 제발!!!!,베놈2
38,베놈 정신연령 왜케 낮음? 후반부 액션씬 타격감 괜찮은거 빼고 스토리 연출 개연성 다 참담했다. 보다 욕 나올뻔. 예고편이 젤 재미있으니 그것만 보세요,베놈2
39,첫 평점입니다.진짜 재미없네요....,베놈2
40,아쉽습니다,베놈2
41,스토리가 너무 단순합니다. 빌런도 원작에선 엄청 강하다고 하던데 너무 약하게 나오는 것 같아요.,베놈2
42,연출은 좋았는데...카니지라는 캐릭터를 살리기 힘든 스토리였음..,베놈2
43,1편에서의 앙상한 캐릭터 빌드업과 엉성한 전개 방식을 그대로 답습한다.,베놈2
44,"액션은 훌륭했다. 하지만 베놈의 위대함을 보여주기엔 카니지가 너무 빨리 나가 떨어졌다. 카니지가 더 많은 사람을 죽이고, 더 많은 나쁜 일을 저질렀어야했다. 이번 영화는 베놈ㅇ 말썽꾸러기 혼내준 정도 느낌이 든다. ...",베놈2
45,베놈이랑 톰하다 영원히 사랑하게 해주세요 제발,베놈2
46,기대이하였습니다.영어공부하기좋은영화,베놈2
47,1편보다 못해서 아쉬웠음,베놈2
48,"빌런 치고는 정이 많은 캐릭터, 옆집 형 같어",베놈2
49,불필요한 대화가 많아 집중력이 떨어지며 빈약한 스토리 개연성도 큰 약점인 영화,베놈2
50,마블이나 원작을 모른다면 봐도 나쁘지 않음반대라면 보면 화 많이 남ㅋㅋㅋㅋ,베놈2
51,액션이 좋았지만 스토리가 너무 미약했다.,베놈2
52,영상이랑 액션은 좋지만 그게 서사를 포기한 이유가 될순 없습니다,베놈2
53,조금은 길거나 지루하게 느껴지는 그래도 쿠키는 금방 나옵니다.,베놈2
54,영화가 중간에 정적인 부분도 있어야하는데 계속 시종일관 시끄러웠음 개연성도 없고,베놈2
55,전 스파이더 시리즈의 오마쥬와 유머들로 만족스럽게 관람했지만Mcu히어로물의 스토리나 세계관을 기대하는 분들에겐 추천하지 않는다.,베놈2
56,톰 하디 로코 안 찍겠다더니 베놈으로 로코 찍네,베놈2
57,치명적이 수호자 ~~~베놈애긩,베놈2
58,액션만 기억에 남던 영화,베놈2
59,스파이더맨 징검다리 영화,베놈2
60,"액션은 볼만하나 특별한 것은 없는, 킬링타임용",베놈2
61,액션도 괜찮고 배우들도 다 매력있었다.,베놈2
62,베놈 1퍈과 2편은 2편의 쿠키영상을 위한 것이었다.,베놈2
63,진짜 쿠키 때문에 참고 2점준다,베놈2
64,아무리 히어로 영화지만 세상 이렇게 아무 이야기가 없을수가...,베놈2
65,베놈아 짧아서 고맙다!,베놈2
66,"너무나도 예상 가능한 전개, 쿠키보다 못한 본편",베놈2
67,"거칠고 화끈하게 합방의 꿈을 이룬 베놈과 에디 브록의 티키타카 부부 호흡 로맨스, 누가 로맨스가 죽었다고 했어?!",베놈2
68,"21.10.13.쿠키 하나만을 위한 영화.97분조차 길게 느껴져 극장에서 시계를 이리 들여다 본 건 오랜만이었다.8,000원으로 포스터를 샀다며 위로 중.",베놈2
69,쿠키가 역대급!!,베놈2
70,솔직히 액션도 노잼임.어지간히 스토리 짜기 싫었나.,베놈2
71,후식으로 콜라가 나왔는데 후식이 제일 맛있었다.,베놈2
72,스토리는 모르겠고 액션은 재미있었다.,베놈2
73,무난하게 보기는 괜찮았아요! 전형적인 스토리로 전개되어서 엄청 재미있지는 않고 킬링타임용으로 좋았어요:),베놈2
74,1편 보다는 화끈함이 별로네요. 청불로 나왔으면,베놈2
75,액션이 많아 좋았지만 성인용 액션이 되었으면 더 좋았을 것 같은 느낌,베놈2
76,이렇게 생각없이 만드는데 대체 어떻게 유니버스를 구축하겠다는거지??,베놈2
77,의미없는 대사 너무많다;;,베놈2
78,에디와 베놈의 브로맨스,베놈2
79,쿠키영상을 보기위한 영화,베놈2
80,시간이 어떻게 지낫는지 모를정도 두시간 짜리 영화를 너무 많이 봐서 그런지 90분은 금방 지나가네요. 쿠키는 마블팬이라면 다들 놀라고 예상 할만한 내용.,베놈2
81,좋은 연출과 텅 빈 스토리. 스토리의 흐름과는 상관 없이 무작정 달림,베놈2
82,후반부 갈 수록 편집이 이상함 테이프 끊긴거 이어붙인 느낌,베놈2
83,별로에요. 그냥 카니지랑 마지막에 싸우기 위해 이것저것 시간 때우다 싸우고 끝나요. 주인공이 베놈에 끌려다니는 케릭터라 뭘 제대로 하는게 없으니 매력도 없고 그렇다고 베놈이 나와 활약하는걸 카니지랑 싸울때 빼고 보여...,베놈2
84,차라리 베놈과 에디의 좌충우돌 시트콤을 찍자,베놈2
85,개연성은 대충인데 캐릭터성이 좋아서 재밌게 봤음완성도는 기대하면 안됨...,베놈2
86,산만함을 자꾸 스타일로 착각한다.,베놈2
87,가차없는 카니지 심장 쫄림 카니지 탄생하는 장면에서 혼자 내적 호들갑 떨면서 봄,베놈2
88,나는 재밌게 보았다~~~,베놈2
89,90분이 길게 느껴지는 지루한 히어로물.. 배우들과 제작비가 아깝다,베놈2
90,카니지랑 우리 주인공 싸우는 연출 진짜 돌았다...톰하디 연기는 언제나 너무 좋아서 할말 없고...ost가 1편만큼 좋았는데 아쉬운점은 러닝타임과 19세가 아니라는 거? 그거만 빼면 재밌었음!,베놈2
91,"나름 볼만했는데 생각보다 평점이 낮네요,,",베놈2
92,별 기대없이 봤는데 1편 보다 재밌었음,베놈2
93,재밌어 에디 베놈 영원하자,베놈2
94,왜 평점이 이렇게 낮음? 베놈이랑 에디도 재밌었고 액션도 좋았는데,베놈2
95,청불해야해 이건,베놈2
96,초반의 티키타가가 지루했다.전반적으로 1편보다 재미가 덜했는데쿠키영상에서 졸음이 확 깼다.,베놈2
97,액션이나 연출은 좋았는데 스토리가 너무 급전개인 느낌도 있었고 1편보다 좀 더 유치한 느낌이 들었습니다.,베놈2
98,카니지 등장과 마지막 쿠키 영상을 보기 위함...,베놈2
99,쿠키가 하이라이트,베놈2
100,"쿠키를 위한 영화, 톰하디를 데리고 이런 영화를...",베놈2
101,액션은 시원시원하고 좋았지만 허점이 보이는 캐릭터 설정이 아쉽다.,베놈2
102,스토리의 개연성은 없지만 오락성만으로는 볼 만 한 영화 베놈이 귀엽다..,베놈2
103,쿠키를 보고나서 영화 내용이 하나도 기억이 안날정도로 쿠키는 파급력있고 영화는 노잼이었다 ..,베놈2
104,감상포인트를 고르기 어려운 적은 처음이었다..,베놈2
105,조조로봤다 1시간30분이 3시간처럼.느껴지더라빨리 쿠키나 보고 나가고 싶더라성냥팔이소녀의.재림이 재밌는영화였다,베놈2
106,"서킨스는 연기할때 빛난다는것을 확실히 알려준 영화 주요 인물들 이럴거면 왜 출연시켰나 싶다..개연성,스토리,캐릭터 전부 버리고 무작정 영상미랑 액션만 때려박았음 카니지 몇년간 기다려온 사람으로써 끔찍했다 진짜",베놈2
107,초반엔 뭔가 좀 지루했지만 볼만했다!,베놈2
108,1편보다 못하고 좀 뻔한 느낌이지만 그냥저냥 킬링타임으로 마냥 나쁘지는 않습니다.,베놈2
109,카니지 구현한거 그 이상 기대안하고 봤는데 ㅠㅠ 그래도 실망스럽네 ㅠㅠ 우디해럴슨 데려다놓고 스토리 너무 개연성없고 아무리그래도ㅠㅠㅠㅠ 아휴 ㅠㅠ 아쉽다 아쉬워...어설픈 스토리에 ㅠㅠ 치-지한 대사에 유머코드 다 ...,베놈2
110,혹평이 많던데 ㅜㅜ저는 재밌게 보고왔어요 액션이랑 빌런으로 나오신분 연기 진짜 돋보여요 톰하디 팬이라 전 또볼려구요 추천해요,베놈2
111,마지막 쿠키를 위해 만들어진 마블의 버린 자식,베놈2
112,다른것보다 쿠키가 재밌음,베놈2
113,청불로 해서 더 잔인하게 갔으면 좋겠네요카니지가 너무 허무하게 죽고 매력적인 캐릭터라고 빌드업을 많이 해놓고 죽여버리는게 아쉽네요 그것도 베놈이 직접 잡는것도 아니라 더 아쉽습니다,베놈2
114,"팬심으로 참고봤다.. 카니지를 매우 좋아하고 만화에서도 카니지편은 챙겨봐왔는데인상 찌푸려질 정도로 유아틱한 대사와 희망찬 위기극복 클리셰,,,, ""우린최강의 듀오잖아! ""  진짜,,  찌찌뽕 대사 힘차...",베놈2
115,14년동안 기다린 카니지를 1회용으로 쓰다니 3에 나오겠지 했는데 죽여버려서 당황스럽네,베놈2
116,이런 대박 소재로~ 빌런도 스토리도 분위기도 연출도 13.5세 급~ 마이 약해~,베놈2
117,메타 4점짜리 졸작. 노웨이홈에 몰빵했나봄,베놈2
118,3분을 위한 1시간 30분의 낭비.,베놈2
119,베놈은 날 실망시키지않아 톰하디도 날 실망시키지않아!!!,베놈2
120,배보다 배꼽이 큰 쿠키영상,베놈2
121,15세 관람가로 만드니 영화가 이상해짐,베놈2
122,그냥 쏘쏘...1때부터 생각했지만 베놈은 데드풀처럼 18세로나왔어야..,베놈2
123,1편처럼 별로지만 1편에 보단 카니지의 등장과 연출은 좋았고 쿠키영상이 좋아서 6점은 준다...소니는 스파이더맨 판권 MCU에 돌려줘라 제발..,베놈2
124,의리로 봐야 함너무 편집한 듯....ㅠㅠ,베놈2
125,캐릭터들을 이해하려 말고 '그냥 그런가보다' 하고 내려놓고 봐야할듯.  그래도 베놈vs카니지 액션 자체는 볼만했어요,베놈2
126,1편을 너무 재미있게 봐서 2편은 살짝 아쉬웠음. 몇몇 인상적인 장면들은 좋았음. 이 영화는 무조건 포디로 봐야함! 포디가 아니었다면 별점이 더 낮았을 듯.,베놈2
127,1편도 그냥 그랬는데 이건 1편보다도 못함,베놈2
128,베놈 이름빨로  반은 먹고 들어가는 영화.캐릭터 인기랑  마블 유니버스 연관성 빼고작품성만 놓고 보자면  B급 영화에 불과함,베놈2
129,[한줄평 : 휴~ 조조로 봐서 그나마 다행이다!] 음.. 진짜 왠만하면 이 점수 안 주는데.. 왠만한 영화가 아니었음.스토리가 뻔하면 연출이나 잘해야 하는데 진짜.. -_-긴장감 1도 없는 전개는 뭐지? 그렇다고 데...,베놈2
130,톰하디에 대한 의리로 봄,베놈2
131,1편보다 많이 아쉽네요.,베놈2
132,그럭저럭 그냥저냥,베놈2
133,쿠키영상이좋네요…,베놈2
134,베놈2 : 부부싸움은 칼로 물베기,베놈2
135,중구난방 베놈의 목소리가 잘 어울리면서도 몰입을 방해하는 것 같기도..,베놈2
136,생각보다 너무 단조로운 스토리...ㅠ_ㅠ 아쉽습니다. 러닝타임도..,베놈2
137,전작보단 다채로운 연출이나 액션이 눈에 띄었고 스토리도 이번에는 좀 풀어내고자 했던 것 같으나 그러기엔 러닝 타임이 너무 짧았고 개연성이나 스토리는 단지 마지막 전투씬을 그려내기 위한 빌드업에 그쳤음. 전체적으로 전...,베놈2
138,19금 걸고 나오라니까 짜증나게,베놈2
139,잤습니다. 쿠키를 보고싶으신 분들은 유튜브를 통해서...,베놈2
140,부족한 개연성,베놈2
141,"카니지 연출, 액션 신은 볼만하고 그 점때문에 평점을 높게 준다.근데 그 외에 요소가 너무 별로... 소리쟁이는 트롤만해대서 답답하고 조금이라도 연령층을 더 확보할려는 요량인지 카니지라는 캐릭터 자체가 잔혹한 캐릭터...",베놈2
142,"난잡한 스토리, 궁금하지도 않은 사연소개. 쿠키영상빼고 실망",베놈2
143,우린치명적인수호자ㅋ,베놈2
144,이 영화에서 건진 건 쿠키 영상 뿐... 그런데 쿠키 영상을 본 내 반응은 '우와~!'보다는 '어쩌라고?',베놈2
145,연출은 좋았지만 캐릭터성에 아쉬움이 남는 무난한 소니식 마블 영화,베놈2
146,정말 최악입니다...,베놈2
147,베놈1을 너무 재밌게 봤었고 톰하디 팬이라서 개봉하자마자 달려가서 봤습니다.재밌는 요소들이 몇몇있어 재밌게 보긴했지만 곱씹어 볼수록 아쉬운 작품이다..라고 생각할수밖에 없었습니다. 제작기간이 너무 부족한건가? 싶기도...,베놈2
148,베놈과 톰하디의 케미가 돋보이는 작품,베놈2
149,같은 영화관에서 영화를 보던 관객들이 모두.. 어이가 없어서 실소를 터트렸다,베놈2
150,액션은 고급인데 스토리는 토요일 아침 번개맨,베놈2
151,초반이 좀 길어서 생각보단 루즈한 느낌이 나요뒷부분에 후다닥몰아침,베놈2
152,쿠키가 다했다 아니면 의미없음,베놈2
153,좀 많이 실망했네요 킬링타임용,베놈2
154,베놈과 에디의 사랑싸움,베놈2
155,새로운 것 없는 스토리에 난장판 연출. 가장 흥미로운 건 쿠키영상,베놈2
156,카니지가 별로 세보이지 않아서 좀 그렇습니다. 원래는 스파이더맨과 베놈이 함께 덤벼도 이기기 힘든 상대인데...,베놈2
157,이 출연진을 데려다놓고 이렇게밖에 못찍는게 아쉬움 별개로 베놈이랑 에디 상담 필요한 커플인건 웃음포인트,베놈2
158,연계성 연출 아쉬워요. 카니지는 멋있는데… 아쉽네요,베놈2
159,역대급 빌런이였는데 제대로 보여주기엔 짧았던 러닝타임.뭔가 우당탕탕하며 끝난 느낌.쿠키 보기 위해 달려감 ㅋㅋ,베놈2
160,베놈이 잊혀질까 두려워 리마인드 시켜주는 정도의 작품,베놈2
161,죽어가던 영화를 쿠키영상이 숨을 붙여놨음.1편을 극장에서 보고 후회했는데 2편도 극장에서 보다니 내가 미쳤지...,베놈2
162,1시간넘게 꿀잠잤다...,베놈2
163,기대햇던것보단별로ㅠㅠㅠㅠ,베놈2
164,과거의 찌질함에서 서로를 이해하며 사랑을 확인하는 감동의 애정 영화!,베놈2
165,노잼 유일한 장점은 쿠키가 빨리나온다는 것,베놈2
166,도대체 내가 뭘 본건지 모르겠다 돈 안내고 공짜로 보라고 해도 다시는 안봅니다소리에 약한 심비오트가 클럽에서 그냥 놀고있고 참나영어권 개그는 우리랑 문화권이 다르고 개그코드가 다르니깐 그러려니 하는데 너무 심각한거아...,베놈2
167,재밌게 감상했습니다. 쿠키영상이 제일기억에 남는영화입니다.,베놈2
168,개노잼이네...카니지 베놈 비주얼은 괜찮았는데 너무 정신없이 산만한 대다가 내용이 중구난방이라 집중도 잘 안되고 엉망진창이였다,베놈2
169,푹 잤습니다.. 역대급 폭망영화,베놈2
170,1점 남기신 분들은 영화 다시보세요.(솔직히 1점 받을 영화는 절대 아니야!!!),베놈2
171,별 내용도 없고 베놈 액션도 별거 없고...ㄹㅇ쿠키밖에 볼거 없음ㅠ,베놈2
172,그냥 영화 구색만 갖추고 알맹이 비우는 식으로 돈 아끼는 꼴이 참 볼썽사납다,베놈2
173,차라리 둘이 데려다 스탠딩 코미디를 시켜라,베놈2
174,캐릭터들에 깊이감이 없어요 길게 설명하기엔 스포일러 포함될 것 같고 보통 이런 IP 영화들은 캐릭터가 멋있어서 보는건데 그거 빼고나니까 사운드랑 액션밖에 안남네요,베놈2
175,그냥그럼그냥그럼그냥그럼그냥그럼그냥그럼,베놈2
176,남는건 쿠키와 OST뿐...,베놈2
177,베놈은 왜 개그맨이 됐는가,베놈2
178,부부싸움 90분 관람하기… 말랑액괴 베놈…,베놈2
179,아쉽다,베놈2
180,액션영화보다 졸긴 오랜만,베놈2
181,진짜 쿠키보러갔습니다....,베놈2
182,뭔가 급하게 만든 느낌 ?? 재미는 있었지만 아깝다고 해야 할까 ..??쿠키를 위한 영화 같았습니다.  그래도 그래픽이 좋아서 재밌게 봤습니다,베놈2
183,베놈 1과는 많이 다른 베놈 2. 데드풀을 따라가는 듯한 느낌을 많이 받았다... 베놈은 액션이 진짜인데 러브액션만 나온다,베놈2
184,지금 보자마자 바로 쓴다...개노잼.. 역대급 유치한 스토리 격정적인 영상과 대비되지 못하는 스토리 허무하고 너무 뻔했다그저 배우들만 아까울 뿐,베놈2
185,기대하지말고 보세요쿠키영상이 제일 잼있었어요~킬링타임용으로 보세요~,베놈2
186,영화 1점 쿠키 5점,베놈2
187,쩝,베놈2
188,상당히 아쉬움이 많이 남는 영화입니다베놈과 카니지를 이렇게 보여주는 게 최선이 맞나...라는 의문만 남고 러닝타임이 짧아서 그냥 아쉽다.가 끝이지 길었으면 시간 아깝다는 생각도 들었을 것 같아요ㅠ;,베놈2
189,차 빼고 포 빼니 남은 게 별로 없는 앙상한 빌런 후속편,베놈2
190,15세관람가에 지나친 귀여움...,베놈2
191,진짜 노잼 영화보다 잔건 처음인 영화,베놈2
192,역시 기대하고 봤는데 기대가 큰 많큼 실망도크다스토리가 참...,베놈2
193,베놈이 귀엽네요 재미있어요,베놈2
194,쿠키영상을 위해 90분을 참아아하는 영화,베놈2
195,본편은 글쎄요~~~ 쿠키영상 하나 건졌다능...,베놈2
196,베놈은 빌런인데 정이 간다. 징그러운데 귀여움.,베놈2
197,"굉장히 시끄럽고, 지난 화엔 귀여웠던 베놈이 전혀 성장하지 않고 떼만 쓰는 커다란 사고뭉치로 나온 아쉬운 영화..",베놈2
198,카니지를 이렇게 소비하다니 아쉽다.,베놈2
199,지루하지는 않지만 그렇다고 엄청 흥미진진하지도 않아요,베놈2
200,재미에만 몰빵했다.쿠키가 본편인줄,베놈2
201,스토리가 많이 부족했던 느낌! 신선했던 1편에 비해서 재미가 많이 떨어졌습니다,베놈2
202,순한맛,베놈2
203,저는 잼께 봤어용 끝물에 좀 허무한데 연기랑 연출이 좋았어요,베놈2
204,쿠키영상 하나 남았네..,베놈2
205,기대가 너무 컸나.. 1편이 너무 좋았었나보다,베놈2
206,영화는 그저 그렇지만 쿠키영상은 굉장히 중요함,베놈2
207,베놈 1 안보고 봤는데 재밌게 잘 봤어요!!시간이 짧아서 전개가 좀 휙휙 지나가는 느낌이었습니다.스토리가 탄탄하다거나 개연성이 꼼꼼하진 않은 느낌 ㅎㅎ하지만 킬링타임용 액션영화로는 딱인 것 같아요~!(청불이었으면 더...,베놈2
208,산만 한 내용을 담은 것도 아닌데 산만한 영화,베놈2
209,쿠키만큼 맛있는건없죠,베놈2
210,베놈1이 개봉했을 때 보고 싶었지만 바빠서 못 봤었다. 그래서 이번엔 꼭 보려고 조퇴까지 달고 나와서 봤건만.... 난 이렇게 피같은 내 돈과 피같은 내 시간을 날려버렸다. 이게 관람 등급이 12세였나? 앞으론 적어...,베놈2
211,"이 무슨, 이 맛도 저 맛도 아닌....",베놈2
212,그래도 카니지 멋있게 뽑아줘서 다행,베놈2
213,확실히 중국 자본이 들어가면 망하는구나 진짜 짱개들아 영화들 그만 망쳐...,베놈2
214,베놈 너무 귀여웠다 ㅋㅋㅋㅋ,베놈2
215,그나마 장점이었던 눈요기거리도 이건 뭐...,베놈2
216,베놈과 카니지의 대결은 진짜 미쳤더라,베놈2
217,조조로 보고 왔습니다 개꿀잼입다 ㅋㅋ영상미 지려요 영화관에서 봐야됨 1편보다 재밌어요 근데 오늘개봉했는데 오전 9시에 평점 남기는사람들은 알바인가,베놈2
218,이거 3 100퍼나온다!!! 스파이더맨이랑 연관되는데!?,베놈2
219,1편 보다 노잼 위엄한 베놈을 한낱 개그맨으로 만들어버려서 너무 유치함. 액션씬에서 너무 정신 없기만 하고 허무하게 끝남. 그나마 쿠키 영상이 돈값 다함.,베놈2
220,1편이 너무 화끈해서 그렇지 못 봐줄 수준은 아니었음.,베놈2
221,나도 톰하디 손물고 싶다. 닭을 먹어야되도 나는 베놈이랑 친구할수 있는데.,베놈2
222,치명적인 수호자! 섹시하고 남자답고 강렬했고 파워풀했다! 짧은 러닝타임에 비해 빠르고 와장창한게 마음에 듦! 다른 히어로물과는 다른 베놈만의 매력 카니지는 메피스토가 생각난달까..?,베놈2
223,베놈과 카니지 싸울땐 액션이 미쳤다 카니지가 1회성인게 너무 아쉽,베놈2
224,원래 톰하디 베놈 좋아해요 멋있어섷ㅎㅎ다음에는 더 하드한 액션 기대할게욯ㅎㅎㅎ,베놈2
225,시끄럽고 정신없고,베놈2
226,킬링타임 용으로는 적절하지만 정신없이 휘말린 허리케인 비너스....,베놈2
227,"<베놈1>을 보고 기대치를 한껏 낮췄더니 오락 영화로 한 번 즐기기엔 무난했다. 하지만 <베놈> 시리즈가 만들어진다고 했을 때, 이렇게까지 올드하고, 시대에 뒤쳐진 느낌이 드는 히어로 영화 시리...",베놈2
228,이럴거면 3편은 만들지마,베놈2
229,내세울건 '마블 영화권' 단 하나. 그 핑계 뒤에 숨어서는.,베놈2
230,넘 빨리 끝남 그냥 휙휙 지나간 장면들이 넘 많음,베놈2
231,"영화 본편의 구성은 올드하고, 엉망진창으로 기워져있다. 심지어 이 이야기 전체가 굳이 있어야하는가 싶을 정도로 서사는 망가져있다.하지만 우디 해럴슨의 광인 연기나 톰 하디가 허공에 대고 했을 연기만으로도 제법 흥미로...",베놈2
232,그럭저럭 나쁘지 않았어요,베놈2
233,가볍게 킬링타임으로 봤어요,베놈2
234,시끌벅적한 베놈 2편. 1편하고 별 차이 없다,베놈2
235,특별한 점이 없는 특별한 빌런의 이야기,베놈2
236,러닝타임 짧게 만든 게 정말 좋은 선택. 쿠키 맛있게 잘 먹었습니다..,베놈2
237,고만고만한 타임킬링용 히어로물,베놈2
238,베놈은 멋잇는데 내용은그냥 초딩이쓸정도로 별게없다,베놈2
239,솔직히 영화보고 나면인상깊었던 부분이 있어야 하는데쿠키밖에 기억이 안남,베놈2
240,너무너무너무너무 재미또 역시 마블 액션 기가막혀용??,베놈2
241,카니지와 베놈 처음엔  베놈이 질줄 알았는데 보다보니 베놈이 이겨서 반전처럼 느껴졌다 쿠키까지 보았는데 너무 오래걸려서 그냥 가려고 했는데 갑자기시작했다 ㄷㄷ 그래서쿠키를 봤는데 베놈이 스파이더맨을 핥는데 집주인이 ...,베놈2
242,이게 왜 재미없단거지 난재밌게보고왔는데,베놈2
243,평점 개판나서 기대 아예 안하고 갔더니 재밌게 봤습니다 괜찮았음,베놈2
244,주인공과 베놈은 앙숙이지만  서로한테서 벗어날 수 없는 사이,베놈2
245,큰 기대도 안 했지만 졸 정도로 지루했음. 일단 빌런 생성의 개연성도 너무 어거지고...ㅎㅎ,베놈2
246,그냥 한마디로 아쉽다..,베놈2
247,대충 평이 안좋은건 알고있었음에도 기대치 이하네요,베놈2
248,개인적으로 재미있게 봤어용~! 카니지 베놈 전투 멋졌음!,베놈2
249,저는 잼께 봤어용 끝물에 좀 허무한데 연기랑 연출이 좋았어요,베놈2
250,평점때문에 기대치낮추고봤는데 존잼인데?? 이정도면 됐지 뭘바라는거야? 뭐 타이타닉이나 기생충같은 명작을바라는거야? 보실분들 평점 신경쓰지말고 보세요 킬링타임으론 훌륭합니다,베놈2
251,시간은 순식간에 지나감~,베놈2
252,베놈현 2: 렛 데어 비 운지,베놈2
253,"평점 맞춘다. 샹치, 007에 이어 또다시 개봉하는 블록버스터 영화다 이 시국에 극장개봉은 막대한 투자비를 거둬들여야하는 제작사에 돈벌이 수단이지만 왜이리 평점이 박하지? 그 정도로 작품이 떨어지는건 아니다 후반 3...",베놈2
254,액션이 재밌고 좋았어요 시간 가는 줄 모르고 봤어요!,베놈2
255,스케일 짱 베놈과 카니지의 전투 등 흥미로운 장면들도 많다,베놈2
256,Lethal protector!,베놈2
257,액션 브금이 아쉽고 스토리도 아쉽고...남은 건 쿠키다,베놈2
258,베놈과 에디의 부부싸움 잘 봤습니다.,베놈2
259,청불이 답이다. 이게 맞습니다...,베놈2
260,평점 보고 스토리는 기대를 안하고 봤는데도 별로였어요. 뭔가 본격적으로 시작하려 할 때 쯤에 끝나서 아쉬워요. 그래도 카니지 등장신이랑 액션은 좋아요. 카니지 소리지르는 장면은 극장에서 봐야 전율이 옵니다.,베놈2
261,베놈에디 사귀는걸 못박아버린 영화 ㅅㅅ,베놈2
262,보는 내내 아무 생각이 안 드는 무미건조한 영화. 오직 쿠키영상을 위해 만들어진 듯한 영화.,베놈2
263,"인간은 항상 같은 실수를  반복하지.... 이 영화의 3가지 아쉬운점19금이 아닌것, 서사가 너무 단순하고 짧은것, 우디해럴슨이라는 명배우를 1회용 카니지로 소비한것... 아깝다 너무 아까워... 톰하디에 우디해럴슨...",베놈2
264,기대보다 재미가 너무 없음,베놈2
265,베놈이라는 캐릭터가 매력적이긴한데 정신이 없다,베놈2
266,,베놈2
267,저는 잼께 봤어용 끝물에 좀 허무한데 연기랑 연출이 좋았어요,베놈2
268,저는 잼께 봤어용 끝물에 좀 허무한데 연기랑 연출이 좋았어요,베놈2
269,카니지 아무것도 안하고 허무하게 퇴장,베놈2
270,1편보다 관람시간이 120이상을 넘을 줄 알았는데 오히려  100분을 넘기지 못 하냐,베놈2
271,내용이 너무 뻔하다는..,베놈2
272,카니지 비주얼과 쿠키만 건진..,베놈2
273,초중반은 좀 지루했는데 후반에는 재밌었어요,베놈2
274,재미없어요. 차라리 스파이더맨3를 한번 더 보지,베놈2
275,영화 < 쿠키영상. 우디해럴슨 캐스팅은 레알 찰떡.,베놈2
276,베놈이 귀여워요,베놈2
277,킬링 타임으로 나쁘지 않았다.,베놈2
278,보지 말걸....,베놈2
279,정 말 재미없는데 그와중에 자기 이건 너무하잖아 라는 대사보고 아 이건 개그영화인가 했습니다,베놈2
280,거미와의 만남 벌써부터 기대된다!,베놈2
281,감기약 먹고봤더니 졸려서 내용이 하나도 기억이 안나요,베놈2
282,1편보다 최악,베놈2
283,Vㅔ놈 Vㅔ리 굿 !!!,베놈2
284,기대에 비해 아쉽다,베놈2
285,제발 잘 좀 만들자 베놈이라는 소재로 겨우 이정도라니...,베놈2
286,내용이 별게 없는데 재밌음 짧아서 좋음,베놈2
287,좀 지루하고 유치합니다. 세계관을 알면 좀 그나마 ? 괜찮을지도 ...,베놈2
288,시간때우기 좋은것같습니다,베놈2
289,스토리는 조금 뻔했지만 베놈이 귀여워요~,베놈2
290,이렇게 유치해지다니 ㅎㅎㅎ 캐릭터들 표현이 다 촌스럽다,베놈2
291,엔딩 음악이 너무 좋아요재밌게 봤는데 다 보고나니 내용이 별로 없네요!,베놈2
292,카니지가 아까운 영화,베놈2
293,베놈2는 그저 쿠키영상과 다음 차기작을 위한 발판이었을 뿐 그 이상도 그 이하도 아니었음 4dx로 봤으면 재밌을듯,베놈2
294,1편과 비슷한 느낌 팬으로서는 볼만 하지만추천은 못하겠다,베놈2
295,1편보다 별로..스토리야 뭐 감안해도 더 뜬금없는 전개 결말 ㅠㅠ 톰하디랑 베놈 투닥거리는것만 기억나네,베놈2
296,"안티히어로, 빌런이라기에는 너무 부족했다. +톰하디를 잘 살리지 못한영화 같다 마블영화를 좋아한다면 쿠키는 꼭보시길",베놈2
297,볼거리는 그럭저럭이지만 스토리 전개와 연출은 스파이더버스의 미래가 걱정될 정도..,베놈2
298,보다가 잤네요 아이맥스네서ㅜ봤으면 돈아까울뻔,베놈2
299,재밌게 봤어요.. 근데 기대보다는 쫌.... 다음편이 나온다면 볼까 말까 망설일거 같아요.,베놈2
300,톰 하디 보고 ost 듣는 맛으로 봤네요,베놈2
301,잃어버린 캐릭터성과 시나리오를 찾아서...,베놈2
302,"그냥 진짜 킬링타임이 되어버린 마블의 빌런,,, 스토리가 너무 아쉬우나 카니지라는 빌런을 표현하는 것은 너무 멋있었다",베놈2
303,,베놈2
304,너무 아깝게 소비된 아까운 캐릭터들..,베놈2
305,스토리 개연성이나 인간관계에 대한 묘사가 개판이고 참 허접합니다.그럼에도 불구하고 액션을 보는 맛은 적절하게 있습니다,베놈2
306,글쎄... 아쉽단 생각밖에..,베놈2
307,1편보다 못한 2편... 베놈이 귀엽고 배우들의 연기력이 뛰어나며 전투씬도 나쁘지 않지만 스토리는 그 좋은 요소들을 충분히 살리지 못했다.,베놈2
308,솔직히 스토리는 1이랑 똑같음 1보다 진부할수도? 근데 베놈에디 케미가 다했다,베놈2
309,뭔가 아쉬움,베놈2
310,소재가 아깝다.,베놈2
311,베놈...,베놈2
312,재밌긴 한데 내용이 없고 짧네요,베놈2
313,그냥 그랬어요. 중간에 자다가 깼는데도 대충 뭔지 알겠더라고요,베놈2
314,뭔얘기를 하고싶은건지 모르겠다. 킬링타임조차 되지않음,베놈2
315,짧은 러닝타임 덕분에 별 하나 추가,베놈2
316,내가 원한 베놈은 이런게 아니야,베놈2
317,스토리가 1보다는 못함,베놈2
318,톰 하디 너무 좋다,베놈2
319,전편보다 못하다니....,베놈2
320,1도 별로 였지만 2가 더 별로였다.,베놈2
321,액션이 너무 부족하고 그게 나오기까지 지루함,베놈2
322,아니 이건 뭐 쿠키 영상 보기 위해 1.5 시간을 버려야 한다.,베놈2
323,기대를 너무 많이 한듯...,베놈2
324,톰 하디와의 의리 때문에 끝까지 버틴 작품. 영화보다 쿠키영상이 재밌는 건 처음이야...,베놈2
325,CG만 볼만했다,베놈2
326,"내용 빈약, 액션도 빈약함. 그냥 한번은 볼 정도",베놈2
327,재미는 있어요 그냥 생각없이 보기에 괜찮아요 러닝타임이 짧아서 좋구요,베놈2
328,어제 시험끝내고 재밌게 봤습니다,베놈2
329,저는 너무 좋았어요~  재밌었습니다!,베놈2
330,방영시간에 비해 너무 재밌었고 특히 우디해럴슨이 연기를 너무 잘해서 소름끼쳤다.,베놈2
331,평점 왤케 낫징 ㅜㅜ 재밌는뎅ㅋ 스토리보다 그냥 오스트나 연출이 신남,베놈2
332,저는 기대안하고봐서인지 넘 재밌게봤어요 1편보단 재밌었어요,베놈2
333,재밌게 잘봤습니당ㅎㅎ,베놈2
334,액션도 재밌고 개그요소가 많아서 좋았어요.,베놈2
335,나는 재밌게 봄 굳굳 베놈3도 보고싶다,베놈2
336,개인적으로 1편이 나아보이네요,베놈2
337,"돈주고 보기 아까운 영화, 시끄럽기만 함...차라리 그나마 1편이 낫다....영화가 이리 재미가없다니..",베놈2
338,"입으로만 학살, 하는건 테러",베놈2
339,일본 애니메이션 한편 본 느낌 잔인할거면 청불걸고 완벽하게 연출했으면 더 좋았을뻔함 ㅠ,베놈2
340,결점까지 사랑하는것 베놈과의 우정,베놈2
341,1편 보다 나은 2편은 정말 힘든가보네.. 수다만 듣다가 영화 끝난듯,베놈2
342,하…. 심각하다 이 좋은 캐릭터를 가지고 우뢰매를 만들었네,베놈2
343,"진짜 재밌게 봤는데.. 초반 좀 정신없고 러닝타임 짧은게 아쉽긴 하지만, 확실한건 절대 이 평점은 아님스토리? 뻔했지만 히어로물치고 나쁘지 않았음연출? 1편보다 훨씬 나아진 연출 카니지 첫 등장엔 오금이 저렸음연기?...",베놈2
344,개봉일만을 기다렸는데 나오면서 시간아깝다 라는 생각만들게하는 영화네요,베놈2
345,몇 년사이 본거 중 최악이다 정말...스토리 개OO,베놈2
346,정말 재미없네요....스토리등등...,베놈2
347,와 개망작이다 마블 다죽었구만,베놈2
348,명작 같기도하고 뭐 그래 아쉽다 정말,베놈2
349,1편보다 나은 2편은 없다를 또 증명..,베놈2
350,드럽게 재미없네요아 시간 아까워스토리 연기 연출 다 구려요,베놈2
351,카니지 이름값답게 대학살하지도 못하고 끝나버린 허무한 영화 아쉽다 아쉬워,베놈2
352,평이 너무 안좋길래 걱정했는데 뭐 전 재밌게 잘봣어요 보길 잘함 첨부터 끝까지 쭉 괜찮던데요 지루하지 않고1보다는 별로긴한데 볼만 했습니당!,베놈2
353,6점대까진 아닌데?스토리가 탄탄한 건 아니지만 없는 것도 아니고.캐릭터들 개성 있고 섹시함 굿굿,베놈2
354,마블의 모든 영화들을 3번이상씩 정주행했을정도로 좋아하는데 베놈2는 지루했습니다.. 스토리랑 개연성도 전혀없고 사요나라나 처하고앉았네요 걍 너무 뜬금없었음,베놈2
355,예고편 봤으면 영화 다 본겁니다. 영화에서 제일 재미있고 흥분되던게 마지막 쿠키영상이었어요.... 하,베놈2
356,단순하고 적당히 힙하고 시원스러운거 좋아하면 좋아할 듯 저는 완전 좋았어요 ㅋㅋ,베놈2
357,2021년 최고의 스토리,베놈2
358,영상미와 코믹스랑 비슷하게 인물의 느낌을 잘 살렸다,베놈2
359,베놈도 베놈이지만 카니지 보는 맛에 봤다,베놈2
360,유치한 대사 + 뻔한 스토리 + 멋 없는 액션 + 어지러운 구성 의 환상적인 조화....쿠키만 남은 영화입니다.유튜브에서 쿠키만 보셔도 충분합니다.,베놈2
361,기대를 하고 본 사람이 잘못,베놈2
362,음 그냥 시끄럽고 쿠키영상 보려고 영화관 간 기분,베놈2
363,스토리가 좀 아쉬움... 그래도 베놈은 또 보고싶다!,베놈2
364,밍밍한 영화 쿠키 때문에 봐준다,베놈2
365,알바한테 속지마세요 개씝노잼,베놈2
366,샹치는 솔직히 반중만 아니면 잘 만든 영화인데 짜게 받은 평점이 너무 아까움 베놈은 샹치랑 비교할것도 못됨 진짜 너무 실망..시끄럽기만 했음 액션도 별로..ㅠ,베놈2
367,졸작일 줄 예상했고. 졸작이 맞았다,베놈2
368,1은 재밋게봤는데 이번껀 OST랑 쿠키빼고는 정말아닌거같아용,베놈2
369,대학살이 아니라 난장판,베놈2
370,쿠키영상을 위한 본편 97분짜리 영화심각한 수준의 소니 유니버스 ㅡㅡ,베놈2
371,"개연성, 스토리, 시나리오 자체가  엉망이니 연기를 아무리 잘하고 재료가 좋은들 영화가 잘 빠질리가 있나. 참신함도 없고 매력없는 악역 캐릭터, 인물간 조합도 그닥이고 여러모로 실망적임. 1편보고 기대했다가 후속편 ...",베놈2
372,몇년간 본 영화중 제일 별로,베놈2
373,감독이 잘못했네ㅜㅠ 골룸 골룸,베놈2
374,쿠키 빼고 볼거없다,베놈2
375,"평점보고 기대안하고 관람했는데도 실망한작품상상이상의 중구난방 각본, 마블영화 보고서 처음으로 돈과시간날렸다고 생각이 든 영화네요",베놈2
376,쿠키영상 빼고 별로 였어요,베놈2
377,아쉽.스토리가단순한데정신없는이윤뭘까?,베놈2
378,재밌는데 재미가 없다.,베놈2
379,,베놈2
380,재밌어요!! 베놈 에디 조합 너무 귀여워요♥쿠키도 재밌구 이번에 스파이더맨 스토리도 너무 기대되네요ㅜ,베놈2
381,1편을 봤음에도 내가 왜 기대를 했을까. 아메바인가(대사??ㅋ),베놈2
382,대충 만든게 너무 티 남...,베놈2
383,스토리 부족. 설마 이렇게 끝나나 했더니 정말 그렇게 끝남. 액션도 부족. 이게 끝이야? 했더니 정말로 끝. 악역도 부족. 빌런커플을 그렇게밖에 못 사용하나? 유머도 부족. 초등학생들이 말싸움하고 화해하는것 같음. ...,베놈2
384,역시 톰하디~~~베놈 n차관람~,베놈2
385,베놈에 코미디는 넣지말자..,베놈2
386,개봉 전부터 기대했는데 기대한만큼 재밌더라구요ㅎㅎ,베놈2
387,재미있네요 쿠키도 대박이네요ㅋㅋㅋ,베놈2
388,"재밌기만 했는데 ,, 호불호가 많이 갈리는 거 같네요 ㅜ",베놈2
389,그래도 베놈,베놈2
390,그럭저럭,베놈2
391,킬링타임용,베놈2
392,빌런이 주인공인데 이렇게 재미없을 수가^^;;;; 베놈은 무슨 심리상담가 됐는지ㅋㅋ 쿠키가 제일 흥미롭다...,베놈2
393,"베놈한테 기대한 것들은 모두 나온 느낌, 베놈 1을 재미있게 봤다면 당연 2도 재미있을듯",베놈2
394,베놈 1편보다 재밌네요,베놈2
395,1은 별로라는 평 사이에서도 재밌게 봤는데 이건 기대를 안 했는데도 그것보다 더 이하인 영화... 쿠키 대박이래서 존버했더니 쿠키도 너무 생각한 그것이었음...,베놈2
396,"베놈1 재밌게 봤고, 2는 살짝 비슷한 느낌이었지만 그럼에도 마블은 꼭 보게 되는 영화입니다",베놈2
397,베놈과 에디의 신혼일기,베놈2
398,쿠키때문에 어쩔수없이 봄.1편보다 액션도 떨어지고 전체적으로 아쉬움,베놈2
399,베놈이랑 에디의 결혼식 기대합니다,베놈2
